Imported - Untouched from base,,,,,,Account,Override - Changes from base,,,,,,"Final - Values with overrides, to be used for calculation",,,,,,My Category,E,Comment
Date_i,Description_i,Original Description_i,Category_i,Amount_i,Status_i,Account,Date_o,Description_o,Original Description_o,Category_o,Amount_o,Status_o,Date,Description,Original Description,Category,Amount,Status,My Category,E,Comment
2/28/2024,Insperity,"ASF, DBA Insperi PAYROLL    ***********5626",Paycheck,5616.04,Posted,Chk 1121,,,,,,,"=IF( ISBLANK(LogTable2024[[#This Row],[Date_o]]), IF(ISBLANK(LogTable2024[[#This Row],[Date_i]]), """", LogTable2024[[#This Row],[Date_i]]), LogTable2024[[#This Row],[Date_o]])","=IF( ISBLANK(LogTable2024[[#This Row],[Description_o]]), IF(ISBLANK(LogTable2024[[#This Row],[Description_i]]), """", LogTable2024[[#This Row],[Description_i]]), LogTable2024[[#This Row],[Description_o]])","=IF( ISBLANK(LogTable2024[[#This Row],[Original Description_o]]), IF(ISBLANK(LogTable2024[[#This Row],[Original Description_i]]), """", LogTable2024[[#This Row],[Original Description_i]]), LogTable2024[[#This Row],[Original Description_o]])","=IF( ISBLANK(LogTable2024[[#This Row],[Category_o]]), IF(ISBLANK(LogTable2024[[#This Row],[Category_i]]), """", LogTable2024[[#This Row],[Category_i]]), LogTable2024[[#This Row],[Category_o]])","=IF( ISBLANK(LogTable2024[[#This Row],[Amount_o]]), IF(ISBLANK(LogTable2024[[#This Row],[Amount_i]]), """", LogTable2024[[#This Row],[Amount_i]]), LogTable2024[[#This Row],[Amount_o]])","=IF( ISBLANK(LogTable2024[[#This Row],[Status_o]]), IF(ISBLANK(LogTable2024[[#This Row],[Status_i]]), """", LogTable2024[[#This Row],[Status_i]]), LogTable2024[[#This Row],[Status_o]])",Salary,"=IF( IFNA(MATCH(LogTable2024[[#This Row],[My Category]], $Buckets.$D$4:$D$35, 0), FALSE()), ""."", ""E"")",
2/26/2024,Interest Paid,INTEREST PAID,Interest Income,0.1,Posted,Chk 1121,,,,,,,"=IF( ISBLANK(LogTable2024[[#This Row],[Date_o]]), IF(ISBLANK(LogTable2024[[#This Row],[Date_i]]), """", LogTable2024[[#This Row],[Date_i]]), LogTable2024[[#This Row],[Date_o]])","=IF( ISBLANK(LogTable2024[[#This Row],[Description_o]]), IF(ISBLANK(LogTable2024[[#This Row],[Description_i]]), """", LogTable2024[[#This Row],[Description_i]]), LogTable2024[[#This Row],[Description_o]])","=IF( ISBLANK(LogTable2024[[#This Row],[Original Description_o]]), IF(ISBLANK(LogTable2024[[#This Row],[Original Description_i]]), """", LogTable2024[[#This Row],[Original Description_i]]), LogTable2024[[#This Row],[Original Description_o]])","=IF( ISBLANK(LogTable2024[[#This Row],[Category_o]]), IF(ISBLANK(LogTable2024[[#This Row],[Category_i]]), """", LogTable2024[[#This Row],[Category_i]]), LogTable2024[[#This Row],[Category_o]])","=IF( ISBLANK(LogTable2024[[#This Row],[Amount_o]]), IF(ISBLANK(LogTable2024[[#This Row],[Amount_i]]), """", LogTable2024[[#This Row],[Amount_i]]), LogTable2024[[#This Row],[Amount_o]])","=IF( ISBLANK(LogTable2024[[#This Row],[Status_o]]), IF(ISBLANK(LogTable2024[[#This Row],[Status_i]]), """", LogTable2024[[#This Row],[Status_i]]), LogTable2024[[#This Row],[Status_o]])",Income - other,"=IF( IFNA(MATCH(LogTable2024[[#This Row],[My Category]], $Buckets.$D$4:$D$35, 0), FALSE()), ""."", ""E"")",
2/26/2024,Qdoba,QDOBA 2063               WESTMINSTER  CA,Fast Food,-14.53,Posted,CC 8366,,,,,,,"=IF( ISBLANK(LogTable2024[[#This Row],[Date_o]]), IF(ISBLANK(LogTable2024[[#This Row],[Date_i]]), """", LogTable2024[[#This Row],[Date_i]]), LogTable2024[[#This Row],[Date_o]])","=IF( ISBLANK(LogTable2024[[#This Row],[Description_o]]), IF(ISBLANK(LogTable2024[[#This Row],[Description_i]]), """", LogTable2024[[#This Row],[Description_i]]), LogTable2024[[#This Row],[Description_o]])","=IF( ISBLANK(LogTable2024[[#This Row],[Original Description_o]]), IF(ISBLANK(LogTable2024[[#This Row],[Original Description_i]]), """", LogTable2024[[#This Row],[Original Description_i]]), LogTable2024[[#This Row],[Original Description_o]])","=IF( ISBLANK(LogTable2024[[#This Row],[Category_o]]), IF(ISBLANK(LogTable2024[[#This Row],[Category_i]]), """", LogTable2024[[#This Row],[Category_i]]), LogTable2024[[#This Row],[Category_o]])","=IF( ISBLANK(LogTable2024[[#This Row],[Amount_o]]), IF(ISBLANK(LogTable2024[[#This Row],[Amount_i]]), """", LogTable2024[[#This Row],[Amount_i]]), LogTable2024[[#This Row],[Amount_o]])","=IF( ISBLANK(LogTable2024[[#This Row],[Status_o]]), IF(ISBLANK(LogTable2024[[#This Row],[Status_i]]), """", LogTable2024[[#This Row],[Status_i]]), LogTable2024[[#This Row],[Status_o]])",Food - nice,"=IF( IFNA(MATCH(LogTable2024[[#This Row],[My Category]], $Buckets.$D$4:$D$35, 0), FALSE()), ""."", ""E"")",
2/23/2024,Los Dos Potrillos,TST* LOS DOS POTRILLOS - Northglenn   CO,Restaurants,-18.37,Posted,CC 8366,,,,,,,"=IF( ISBLANK(LogTable2024[[#This Row],[Date_o]]), IF(ISBLANK(LogTable2024[[#This Row],[Date_i]]), """", LogTable2024[[#This Row],[Date_i]]), LogTable2024[[#This Row],[Date_o]])","=IF( ISBLANK(LogTable2024[[#This Row],[Description_o]]), IF(ISBLANK(LogTable2024[[#This Row],[Description_i]]), """", LogTable2024[[#This Row],[Description_i]]), LogTable2024[[#This Row],[Description_o]])","=IF( ISBLANK(LogTable2024[[#This Row],[Original Description_o]]), IF(ISBLANK(LogTable2024[[#This Row],[Original Description_i]]), """", LogTable2024[[#This Row],[Original Description_i]]), LogTable2024[[#This Row],[Original Description_o]])","=IF( ISBLANK(LogTable2024[[#This Row],[Category_o]]), IF(ISBLANK(LogTable2024[[#This Row],[Category_i]]), """", LogTable2024[[#This Row],[Category_i]]), LogTable2024[[#This Row],[Category_o]])","=IF( ISBLANK(LogTable2024[[#This Row],[Amount_o]]), IF(ISBLANK(LogTable2024[[#This Row],[Amount_i]]), """", LogTable2024[[#This Row],[Amount_i]]), LogTable2024[[#This Row],[Amount_o]])","=IF( ISBLANK(LogTable2024[[#This Row],[Status_o]]), IF(ISBLANK(LogTable2024[[#This Row],[Status_i]]), """", LogTable2024[[#This Row],[Status_i]]), LogTable2024[[#This Row],[Status_o]])",Food - nice,"=IF( IFNA(MATCH(LogTable2024[[#This Row],[My Category]], $Buckets.$D$4:$D$35, 0), FALSE()), ""."", ""E"")",
2/21/2024,King Soopers,KING SOOPERS #0057       WHEAT RIDGE  CO,Groceries,-63.92,Posted,CC 8366,,,,,,,"=IF( ISBLANK(LogTable2024[[#This Row],[Date_o]]), IF(ISBLANK(LogTable2024[[#This Row],[Date_i]]), """", LogTable2024[[#This Row],[Date_i]]), LogTable2024[[#This Row],[Date_o]])","=IF( ISBLANK(LogTable2024[[#This Row],[Description_o]]), IF(ISBLANK(LogTable2024[[#This Row],[Description_i]]), """", LogTable2024[[#This Row],[Description_i]]), LogTable2024[[#This Row],[Description_o]])","=IF( ISBLANK(LogTable2024[[#This Row],[Original Description_o]]), IF(ISBLANK(LogTable2024[[#This Row],[Original Description_i]]), """", LogTable2024[[#This Row],[Original Description_i]]), LogTable2024[[#This Row],[Original Description_o]])","=IF( ISBLANK(LogTable2024[[#This Row],[Category_o]]), IF(ISBLANK(LogTable2024[[#This Row],[Category_i]]), """", LogTable2024[[#This Row],[Category_i]]), LogTable2024[[#This Row],[Category_o]])","=IF( ISBLANK(LogTable2024[[#This Row],[Amount_o]]), IF(ISBLANK(LogTable2024[[#This Row],[Amount_i]]), """", LogTable2024[[#This Row],[Amount_i]]), LogTable2024[[#This Row],[Amount_o]])","=IF( ISBLANK(LogTable2024[[#This Row],[Status_o]]), IF(ISBLANK(LogTable2024[[#This Row],[Status_i]]), """", LogTable2024[[#This Row],[Status_i]]), LogTable2024[[#This Row],[Status_o]])",Groceries,"=IF( IFNA(MATCH(LogTable2024[[#This Row],[My Category]], $Buckets.$D$4:$D$35, 0), FALSE()), ""."", ""E"")",
2/19/2024,Recurring Reward Points Redemption,RECURRING REWARD POINTS REDEMPTION,Credit Card Payment,25,Posted,CC 8366,,,,,,,"=IF( ISBLANK(LogTable2024[[#This Row],[Date_o]]), IF(ISBLANK(LogTable2024[[#This Row],[Date_i]]), """", LogTable2024[[#This Row],[Date_i]]), LogTable2024[[#This Row],[Date_o]])","=IF( ISBLANK(LogTable2024[[#This Row],[Description_o]]), IF(ISBLANK(LogTable2024[[#This Row],[Description_i]]), """", LogTable2024[[#This Row],[Description_i]]), LogTable2024[[#This Row],[Description_o]])","=IF( ISBLANK(LogTable2024[[#This Row],[Original Description_o]]), IF(ISBLANK(LogTable2024[[#This Row],[Original Description_i]]), """", LogTable2024[[#This Row],[Original Description_i]]), LogTable2024[[#This Row],[Original Description_o]])","=IF( ISBLANK(LogTable2024[[#This Row],[Category_o]]), IF(ISBLANK(LogTable2024[[#This Row],[Category_i]]), """", LogTable2024[[#This Row],[Category_i]]), LogTable2024[[#This Row],[Category_o]])","=IF( ISBLANK(LogTable2024[[#This Row],[Amount_o]]), IF(ISBLANK(LogTable2024[[#This Row],[Amount_i]]), """", LogTable2024[[#This Row],[Amount_i]]), LogTable2024[[#This Row],[Amount_o]])","=IF( ISBLANK(LogTable2024[[#This Row],[Status_o]]), IF(ISBLANK(LogTable2024[[#This Row],[Status_i]]), """", LogTable2024[[#This Row],[Status_i]]), LogTable2024[[#This Row],[Status_o]])",Income - other,"=IF( IFNA(MATCH(LogTable2024[[#This Row],[My Category]], $Buckets.$D$4:$D$35, 0), FALSE()), ""."", ""E"")",
2/17/2024,Patreon,PAYPAL *PATREON INC  MEMB402-935-7733 CA,Entertainment,-2,Posted,CC 8366,,,,,,,"=IF( ISBLANK(LogTable2024[[#This Row],[Date_o]]), IF(ISBLANK(LogTable2024[[#This Row],[Date_i]]), """", LogTable2024[[#This Row],[Date_i]]), LogTable2024[[#This Row],[Date_o]])","=IF( ISBLANK(LogTable2024[[#This Row],[Description_o]]), IF(ISBLANK(LogTable2024[[#This Row],[Description_i]]), """", LogTable2024[[#This Row],[Description_i]]), LogTable2024[[#This Row],[Description_o]])","=IF( ISBLANK(LogTable2024[[#This Row],[Original Description_o]]), IF(ISBLANK(LogTable2024[[#This Row],[Original Description_i]]), """", LogTable2024[[#This Row],[Original Description_i]]), LogTable2024[[#This Row],[Original Description_o]])","=IF( ISBLANK(LogTable2024[[#This Row],[Category_o]]), IF(ISBLANK(LogTable2024[[#This Row],[Category_i]]), """", LogTable2024[[#This Row],[Category_i]]), LogTable2024[[#This Row],[Category_o]])","=IF( ISBLANK(LogTable2024[[#This Row],[Amount_o]]), IF(ISBLANK(LogTable2024[[#This Row],[Amount_i]]), """", LogTable2024[[#This Row],[Amount_i]]), LogTable2024[[#This Row],[Amount_o]])","=IF( ISBLANK(LogTable2024[[#This Row],[Status_o]]), IF(ISBLANK(LogTable2024[[#This Row],[Status_i]]), """", LogTable2024[[#This Row],[Status_i]]), LogTable2024[[#This Row],[Status_o]])",Entertainment - other,"=IF( IFNA(MATCH(LogTable2024[[#This Row],[My Category]], $Buckets.$D$4:$D$35, 0), FALSE()), ""."", ""E"")",
2/15/2024,Ah Mychart Medepay,AH MYCHART MEDEPAY       855-2412455  FL,Doctor,-70,Posted,CC 8366,,,,,,,"=IF( ISBLANK(LogTable2024[[#This Row],[Date_o]]), IF(ISBLANK(LogTable2024[[#This Row],[Date_i]]), """", LogTable2024[[#This Row],[Date_i]]), LogTable2024[[#This Row],[Date_o]])","=IF( ISBLANK(LogTable2024[[#This Row],[Description_o]]), IF(ISBLANK(LogTable2024[[#This Row],[Description_i]]), """", LogTable2024[[#This Row],[Description_i]]), LogTable2024[[#This Row],[Description_o]])","=IF( ISBLANK(LogTable2024[[#This Row],[Original Description_o]]), IF(ISBLANK(LogTable2024[[#This Row],[Original Description_i]]), """", LogTable2024[[#This Row],[Original Description_i]]), LogTable2024[[#This Row],[Original Description_o]])","=IF( ISBLANK(LogTable2024[[#This Row],[Category_o]]), IF(ISBLANK(LogTable2024[[#This Row],[Category_i]]), """", LogTable2024[[#This Row],[Category_i]]), LogTable2024[[#This Row],[Category_o]])","=IF( ISBLANK(LogTable2024[[#This Row],[Amount_o]]), IF(ISBLANK(LogTable2024[[#This Row],[Amount_i]]), """", LogTable2024[[#This Row],[Amount_i]]), LogTable2024[[#This Row],[Amount_o]])","=IF( ISBLANK(LogTable2024[[#This Row],[Status_o]]), IF(ISBLANK(LogTable2024[[#This Row],[Status_i]]), """", LogTable2024[[#This Row],[Status_i]]), LogTable2024[[#This Row],[Status_o]])",Medical - Other,"=IF( IFNA(MATCH(LogTable2024[[#This Row],[My Category]], $Buckets.$D$4:$D$35, 0), FALSE()), ""."", ""E"")",
2/15/2024,King Soopers,KING SOOPERS #0057       WHEAT RIDGE  CO,Groceries,-14.43,Posted,CC 8366,,,,,,,"=IF( ISBLANK(LogTable2024[[#This Row],[Date_o]]), IF(ISBLANK(LogTable2024[[#This Row],[Date_i]]), """", LogTable2024[[#This Row],[Date_i]]), LogTable2024[[#This Row],[Date_o]])","=IF( ISBLANK(LogTable2024[[#This Row],[Description_o]]), IF(ISBLANK(LogTable2024[[#This Row],[Description_i]]), """", LogTable2024[[#This Row],[Description_i]]), LogTable2024[[#This Row],[Description_o]])","=IF( ISBLANK(LogTable2024[[#This Row],[Original Description_o]]), IF(ISBLANK(LogTable2024[[#This Row],[Original Description_i]]), """", LogTable2024[[#This Row],[Original Description_i]]), LogTable2024[[#This Row],[Original Description_o]])","=IF( ISBLANK(LogTable2024[[#This Row],[Category_o]]), IF(ISBLANK(LogTable2024[[#This Row],[Category_i]]), """", LogTable2024[[#This Row],[Category_i]]), LogTable2024[[#This Row],[Category_o]])","=IF( ISBLANK(LogTable2024[[#This Row],[Amount_o]]), IF(ISBLANK(LogTable2024[[#This Row],[Amount_i]]), """", LogTable2024[[#This Row],[Amount_i]]), LogTable2024[[#This Row],[Amount_o]])","=IF( ISBLANK(LogTable2024[[#This Row],[Status_o]]), IF(ISBLANK(LogTable2024[[#This Row],[Status_i]]), """", LogTable2024[[#This Row],[Status_i]]), LogTable2024[[#This Row],[Status_o]])",Medical - Other,"=IF( IFNA(MATCH(LogTable2024[[#This Row],[My Category]], $Buckets.$D$4:$D$35, 0), FALSE()), ""."", ""E"")",
2/15/2024,King Soopers,KING SOOPERS #0057       WHEAT RIDGE  CO,Groceries,-11.51,Posted,CC 8366,,,,,,,"=IF( ISBLANK(LogTable2024[[#This Row],[Date_o]]), IF(ISBLANK(LogTable2024[[#This Row],[Date_i]]), """", LogTable2024[[#This Row],[Date_i]]), LogTable2024[[#This Row],[Date_o]])","=IF( ISBLANK(LogTable2024[[#This Row],[Description_o]]), IF(ISBLANK(LogTable2024[[#This Row],[Description_i]]), """", LogTable2024[[#This Row],[Description_i]]), LogTable2024[[#This Row],[Description_o]])","=IF( ISBLANK(LogTable2024[[#This Row],[Original Description_o]]), IF(ISBLANK(LogTable2024[[#This Row],[Original Description_i]]), """", LogTable2024[[#This Row],[Original Description_i]]), LogTable2024[[#This Row],[Original Description_o]])","=IF( ISBLANK(LogTable2024[[#This Row],[Category_o]]), IF(ISBLANK(LogTable2024[[#This Row],[Category_i]]), """", LogTable2024[[#This Row],[Category_i]]), LogTable2024[[#This Row],[Category_o]])","=IF( ISBLANK(LogTable2024[[#This Row],[Amount_o]]), IF(ISBLANK(LogTable2024[[#This Row],[Amount_i]]), """", LogTable2024[[#This Row],[Amount_i]]), LogTable2024[[#This Row],[Amount_o]])","=IF( ISBLANK(LogTable2024[[#This Row],[Status_o]]), IF(ISBLANK(LogTable2024[[#This Row],[Status_i]]), """", LogTable2024[[#This Row],[Status_i]]), LogTable2024[[#This Row],[Status_o]])",Groceries,"=IF( IFNA(MATCH(LogTable2024[[#This Row],[My Category]], $Buckets.$D$4:$D$35, 0), FALSE()), ""."", ""E"")",
2/14/2024,USAA Credit Card,USAA CREDIT CARD PAYMENT,Credit Card Payment,-705.86,Posted,Chk 1121,,,,,,,"=IF( ISBLANK(LogTable2024[[#This Row],[Date_o]]), IF(ISBLANK(LogTable2024[[#This Row],[Date_i]]), """", LogTable2024[[#This Row],[Date_i]]), LogTable2024[[#This Row],[Date_o]])","=IF( ISBLANK(LogTable2024[[#This Row],[Description_o]]), IF(ISBLANK(LogTable2024[[#This Row],[Description_i]]), """", LogTable2024[[#This Row],[Description_i]]), LogTable2024[[#This Row],[Description_o]])","=IF( ISBLANK(LogTable2024[[#This Row],[Original Description_o]]), IF(ISBLANK(LogTable2024[[#This Row],[Original Description_i]]), """", LogTable2024[[#This Row],[Original Description_i]]), LogTable2024[[#This Row],[Original Description_o]])","=IF( ISBLANK(LogTable2024[[#This Row],[Category_o]]), IF(ISBLANK(LogTable2024[[#This Row],[Category_i]]), """", LogTable2024[[#This Row],[Category_i]]), LogTable2024[[#This Row],[Category_o]])","=IF( ISBLANK(LogTable2024[[#This Row],[Amount_o]]), IF(ISBLANK(LogTable2024[[#This Row],[Amount_i]]), """", LogTable2024[[#This Row],[Amount_i]]), LogTable2024[[#This Row],[Amount_o]])","=IF( ISBLANK(LogTable2024[[#This Row],[Status_o]]), IF(ISBLANK(LogTable2024[[#This Row],[Status_i]]), """", LogTable2024[[#This Row],[Status_i]]), LogTable2024[[#This Row],[Status_o]])",CC Payments,"=IF( IFNA(MATCH(LogTable2024[[#This Row],[My Category]], $Buckets.$D$4:$D$35, 0), FALSE()), ""."", ""E"")",
2/14/2024,Insperity,"ASF, DBA Insperi PAYROLL    ***********5626",Paycheck,1169.82,Posted,Chk 1121,,,,,,,"=IF( ISBLANK(LogTable2024[[#This Row],[Date_o]]), IF(ISBLANK(LogTable2024[[#This Row],[Date_i]]), """", LogTable2024[[#This Row],[Date_i]]), LogTable2024[[#This Row],[Date_o]])","=IF( ISBLANK(LogTable2024[[#This Row],[Description_o]]), IF(ISBLANK(LogTable2024[[#This Row],[Description_i]]), """", LogTable2024[[#This Row],[Description_i]]), LogTable2024[[#This Row],[Description_o]])","=IF( ISBLANK(LogTable2024[[#This Row],[Original Description_o]]), IF(ISBLANK(LogTable2024[[#This Row],[Original Description_i]]), """", LogTable2024[[#This Row],[Original Description_i]]), LogTable2024[[#This Row],[Original Description_o]])","=IF( ISBLANK(LogTable2024[[#This Row],[Category_o]]), IF(ISBLANK(LogTable2024[[#This Row],[Category_i]]), """", LogTable2024[[#This Row],[Category_i]]), LogTable2024[[#This Row],[Category_o]])","=IF( ISBLANK(LogTable2024[[#This Row],[Amount_o]]), IF(ISBLANK(LogTable2024[[#This Row],[Amount_i]]), """", LogTable2024[[#This Row],[Amount_i]]), LogTable2024[[#This Row],[Amount_o]])","=IF( ISBLANK(LogTable2024[[#This Row],[Status_o]]), IF(ISBLANK(LogTable2024[[#This Row],[Status_i]]), """", LogTable2024[[#This Row],[Status_i]]), LogTable2024[[#This Row],[Status_o]])",Income - other,"=IF( IFNA(MATCH(LogTable2024[[#This Row],[My Category]], $Buckets.$D$4:$D$35, 0), FALSE()), ""."", ""E"")",Bonus
2/14/2024,USAA Credit Card,USAA CREDIT CARD PAYMENT SAN ANTONIO  TX,Credit Card Payment,705.86,Posted,CC 8366,,,,,,,"=IF( ISBLANK(LogTable2024[[#This Row],[Date_o]]), IF(ISBLANK(LogTable2024[[#This Row],[Date_i]]), """", LogTable2024[[#This Row],[Date_i]]), LogTable2024[[#This Row],[Date_o]])","=IF( ISBLANK(LogTable2024[[#This Row],[Description_o]]), IF(ISBLANK(LogTable2024[[#This Row],[Description_i]]), """", LogTable2024[[#This Row],[Description_i]]), LogTable2024[[#This Row],[Description_o]])","=IF( ISBLANK(LogTable2024[[#This Row],[Original Description_o]]), IF(ISBLANK(LogTable2024[[#This Row],[Original Description_i]]), """", LogTable2024[[#This Row],[Original Description_i]]), LogTable2024[[#This Row],[Original Description_o]])","=IF( ISBLANK(LogTable2024[[#This Row],[Category_o]]), IF(ISBLANK(LogTable2024[[#This Row],[Category_i]]), """", LogTable2024[[#This Row],[Category_i]]), LogTable2024[[#This Row],[Category_o]])","=IF( ISBLANK(LogTable2024[[#This Row],[Amount_o]]), IF(ISBLANK(LogTable2024[[#This Row],[Amount_i]]), """", LogTable2024[[#This Row],[Amount_i]]), LogTable2024[[#This Row],[Amount_o]])","=IF( ISBLANK(LogTable2024[[#This Row],[Status_o]]), IF(ISBLANK(LogTable2024[[#This Row],[Status_i]]), """", LogTable2024[[#This Row],[Status_i]]), LogTable2024[[#This Row],[Status_o]])",CC Payments,"=IF( IFNA(MATCH(LogTable2024[[#This Row],[My Category]], $Buckets.$D$4:$D$35, 0), FALSE()), ""."", ""E"")",
2/13/2024,USAA Credit Card,USAA CREDIT CARD PAYMENT    ***********0051,Credit Card Payment,-579.91,Posted,Chk 1121,,,,,,,"=IF( ISBLANK(LogTable2024[[#This Row],[Date_o]]), IF(ISBLANK(LogTable2024[[#This Row],[Date_i]]), """", LogTable2024[[#This Row],[Date_i]]), LogTable2024[[#This Row],[Date_o]])","=IF( ISBLANK(LogTable2024[[#This Row],[Description_o]]), IF(ISBLANK(LogTable2024[[#This Row],[Description_i]]), """", LogTable2024[[#This Row],[Description_i]]), LogTable2024[[#This Row],[Description_o]])","=IF( ISBLANK(LogTable2024[[#This Row],[Original Description_o]]), IF(ISBLANK(LogTable2024[[#This Row],[Original Description_i]]), """", LogTable2024[[#This Row],[Original Description_i]]), LogTable2024[[#This Row],[Original Description_o]])","=IF( ISBLANK(LogTable2024[[#This Row],[Category_o]]), IF(ISBLANK(LogTable2024[[#This Row],[Category_i]]), """", LogTable2024[[#This Row],[Category_i]]), LogTable2024[[#This Row],[Category_o]])","=IF( ISBLANK(LogTable2024[[#This Row],[Amount_o]]), IF(ISBLANK(LogTable2024[[#This Row],[Amount_i]]), """", LogTable2024[[#This Row],[Amount_i]]), LogTable2024[[#This Row],[Amount_o]])","=IF( ISBLANK(LogTable2024[[#This Row],[Status_o]]), IF(ISBLANK(LogTable2024[[#This Row],[Status_i]]), """", LogTable2024[[#This Row],[Status_i]]), LogTable2024[[#This Row],[Status_o]])",CC Payments,"=IF( IFNA(MATCH(LogTable2024[[#This Row],[My Category]], $Buckets.$D$4:$D$35, 0), FALSE()), ""."", ""E"")",
2/13/2024,USAA Property and Casualty Insurance,USAA P&C         AUTOPAY    ***********4530,Financial,-163.7,Posted,Chk 1121,,,,,,,"=IF( ISBLANK(LogTable2024[[#This Row],[Date_o]]), IF(ISBLANK(LogTable2024[[#This Row],[Date_i]]), """", LogTable2024[[#This Row],[Date_i]]), LogTable2024[[#This Row],[Date_o]])","=IF( ISBLANK(LogTable2024[[#This Row],[Description_o]]), IF(ISBLANK(LogTable2024[[#This Row],[Description_i]]), """", LogTable2024[[#This Row],[Description_i]]), LogTable2024[[#This Row],[Description_o]])","=IF( ISBLANK(LogTable2024[[#This Row],[Original Description_o]]), IF(ISBLANK(LogTable2024[[#This Row],[Original Description_i]]), """", LogTable2024[[#This Row],[Original Description_i]]), LogTable2024[[#This Row],[Original Description_o]])","=IF( ISBLANK(LogTable2024[[#This Row],[Category_o]]), IF(ISBLANK(LogTable2024[[#This Row],[Category_i]]), """", LogTable2024[[#This Row],[Category_i]]), LogTable2024[[#This Row],[Category_o]])","=IF( ISBLANK(LogTable2024[[#This Row],[Amount_o]]), IF(ISBLANK(LogTable2024[[#This Row],[Amount_i]]), """", LogTable2024[[#This Row],[Amount_i]]), LogTable2024[[#This Row],[Amount_o]])","=IF( ISBLANK(LogTable2024[[#This Row],[Status_o]]), IF(ISBLANK(LogTable2024[[#This Row],[Status_i]]), """", LogTable2024[[#This Row],[Status_i]]), LogTable2024[[#This Row],[Status_o]])",Car/Rental Insurance,"=IF( IFNA(MATCH(LogTable2024[[#This Row],[My Category]], $Buckets.$D$4:$D$35, 0), FALSE()), ""."", ""E"")",
2/13/2024,Steam,PAYPAL *STEAM GAMES      4259522985   WA,Entertainment,-43.29,Posted,CC 8366,,,,,,,"=IF( ISBLANK(LogTable2024[[#This Row],[Date_o]]), IF(ISBLANK(LogTable2024[[#This Row],[Date_i]]), """", LogTable2024[[#This Row],[Date_i]]), LogTable2024[[#This Row],[Date_o]])","=IF( ISBLANK(LogTable2024[[#This Row],[Description_o]]), IF(ISBLANK(LogTable2024[[#This Row],[Description_i]]), """", LogTable2024[[#This Row],[Description_i]]), LogTable2024[[#This Row],[Description_o]])","=IF( ISBLANK(LogTable2024[[#This Row],[Original Description_o]]), IF(ISBLANK(LogTable2024[[#This Row],[Original Description_i]]), """", LogTable2024[[#This Row],[Original Description_i]]), LogTable2024[[#This Row],[Original Description_o]])","=IF( ISBLANK(LogTable2024[[#This Row],[Category_o]]), IF(ISBLANK(LogTable2024[[#This Row],[Category_i]]), """", LogTable2024[[#This Row],[Category_i]]), LogTable2024[[#This Row],[Category_o]])","=IF( ISBLANK(LogTable2024[[#This Row],[Amount_o]]), IF(ISBLANK(LogTable2024[[#This Row],[Amount_i]]), """", LogTable2024[[#This Row],[Amount_i]]), LogTable2024[[#This Row],[Amount_o]])","=IF( ISBLANK(LogTable2024[[#This Row],[Status_o]]), IF(ISBLANK(LogTable2024[[#This Row],[Status_i]]), """", LogTable2024[[#This Row],[Status_i]]), LogTable2024[[#This Row],[Status_o]])",Games,"=IF( IFNA(MATCH(LogTable2024[[#This Row],[My Category]], $Buckets.$D$4:$D$35, 0), FALSE()), ""."", ""E"")",
2/12/2024,Advs Ed Serv Studntloan,ADVS ED SERV PPD STUDNTLOAN ***********0000,Student Loan,-500,Posted,Chk 1121,,,,,,,"=IF( ISBLANK(LogTable2024[[#This Row],[Date_o]]), IF(ISBLANK(LogTable2024[[#This Row],[Date_i]]), """", LogTable2024[[#This Row],[Date_i]]), LogTable2024[[#This Row],[Date_o]])","=IF( ISBLANK(LogTable2024[[#This Row],[Description_o]]), IF(ISBLANK(LogTable2024[[#This Row],[Description_i]]), """", LogTable2024[[#This Row],[Description_i]]), LogTable2024[[#This Row],[Description_o]])","=IF( ISBLANK(LogTable2024[[#This Row],[Original Description_o]]), IF(ISBLANK(LogTable2024[[#This Row],[Original Description_i]]), """", LogTable2024[[#This Row],[Original Description_i]]), LogTable2024[[#This Row],[Original Description_o]])","=IF( ISBLANK(LogTable2024[[#This Row],[Category_o]]), IF(ISBLANK(LogTable2024[[#This Row],[Category_i]]), """", LogTable2024[[#This Row],[Category_i]]), LogTable2024[[#This Row],[Category_o]])","=IF( ISBLANK(LogTable2024[[#This Row],[Amount_o]]), IF(ISBLANK(LogTable2024[[#This Row],[Amount_i]]), """", LogTable2024[[#This Row],[Amount_i]]), LogTable2024[[#This Row],[Amount_o]])","=IF( ISBLANK(LogTable2024[[#This Row],[Status_o]]), IF(ISBLANK(LogTable2024[[#This Row],[Status_i]]), """", LogTable2024[[#This Row],[Status_i]]), LogTable2024[[#This Row],[Status_o]])",Self-improvement,"=IF( IFNA(MATCH(LogTable2024[[#This Row],[My Category]], $Buckets.$D$4:$D$35, 0), FALSE()), ""."", ""E"")",Student loans
2/12/2024,Spotify,PAYPAL           INST XFER  ***********USAI,Music,-11.9,Posted,Chk 1121,,,,,,,"=IF( ISBLANK(LogTable2024[[#This Row],[Date_o]]), IF(ISBLANK(LogTable2024[[#This Row],[Date_i]]), """", LogTable2024[[#This Row],[Date_i]]), LogTable2024[[#This Row],[Date_o]])","=IF( ISBLANK(LogTable2024[[#This Row],[Description_o]]), IF(ISBLANK(LogTable2024[[#This Row],[Description_i]]), """", LogTable2024[[#This Row],[Description_i]]), LogTable2024[[#This Row],[Description_o]])","=IF( ISBLANK(LogTable2024[[#This Row],[Original Description_o]]), IF(ISBLANK(LogTable2024[[#This Row],[Original Description_i]]), """", LogTable2024[[#This Row],[Original Description_i]]), LogTable2024[[#This Row],[Original Description_o]])","=IF( ISBLANK(LogTable2024[[#This Row],[Category_o]]), IF(ISBLANK(LogTable2024[[#This Row],[Category_i]]), """", LogTable2024[[#This Row],[Category_i]]), LogTable2024[[#This Row],[Category_o]])","=IF( ISBLANK(LogTable2024[[#This Row],[Amount_o]]), IF(ISBLANK(LogTable2024[[#This Row],[Amount_i]]), """", LogTable2024[[#This Row],[Amount_i]]), LogTable2024[[#This Row],[Amount_o]])","=IF( ISBLANK(LogTable2024[[#This Row],[Status_o]]), IF(ISBLANK(LogTable2024[[#This Row],[Status_i]]), """", LogTable2024[[#This Row],[Status_i]]), LogTable2024[[#This Row],[Status_o]])",Entertainment - other,"=IF( IFNA(MATCH(LogTable2024[[#This Row],[My Category]], $Buckets.$D$4:$D$35, 0), FALSE()), ""."", ""E"")",
2/12/2024,King Soopers,KING SOOPERS #0057       WHEAT RIDGE  CO,Groceries,-82.31,Posted,CC 8366,,,,,,,"=IF( ISBLANK(LogTable2024[[#This Row],[Date_o]]), IF(ISBLANK(LogTable2024[[#This Row],[Date_i]]), """", LogTable2024[[#This Row],[Date_i]]), LogTable2024[[#This Row],[Date_o]])","=IF( ISBLANK(LogTable2024[[#This Row],[Description_o]]), IF(ISBLANK(LogTable2024[[#This Row],[Description_i]]), """", LogTable2024[[#This Row],[Description_i]]), LogTable2024[[#This Row],[Description_o]])","=IF( ISBLANK(LogTable2024[[#This Row],[Original Description_o]]), IF(ISBLANK(LogTable2024[[#This Row],[Original Description_i]]), """", LogTable2024[[#This Row],[Original Description_i]]), LogTable2024[[#This Row],[Original Description_o]])","=IF( ISBLANK(LogTable2024[[#This Row],[Category_o]]), IF(ISBLANK(LogTable2024[[#This Row],[Category_i]]), """", LogTable2024[[#This Row],[Category_i]]), LogTable2024[[#This Row],[Category_o]])","=IF( ISBLANK(LogTable2024[[#This Row],[Amount_o]]), IF(ISBLANK(LogTable2024[[#This Row],[Amount_i]]), """", LogTable2024[[#This Row],[Amount_i]]), LogTable2024[[#This Row],[Amount_o]])","=IF( ISBLANK(LogTable2024[[#This Row],[Status_o]]), IF(ISBLANK(LogTable2024[[#This Row],[Status_i]]), """", LogTable2024[[#This Row],[Status_i]]), LogTable2024[[#This Row],[Status_o]])",Groceries,"=IF( IFNA(MATCH(LogTable2024[[#This Row],[My Category]], $Buckets.$D$4:$D$35, 0), FALSE()), ""."", ""E"")",
2/12/2024,127311211,AUTOMATIC PAYMENT - THANK YOU,Uncategorized,579.91,Posted,CC 8366,,,,,,,"=IF( ISBLANK(LogTable2024[[#This Row],[Date_o]]), IF(ISBLANK(LogTable2024[[#This Row],[Date_i]]), """", LogTable2024[[#This Row],[Date_i]]), LogTable2024[[#This Row],[Date_o]])","=IF( ISBLANK(LogTable2024[[#This Row],[Description_o]]), IF(ISBLANK(LogTable2024[[#This Row],[Description_i]]), """", LogTable2024[[#This Row],[Description_i]]), LogTable2024[[#This Row],[Description_o]])","=IF( ISBLANK(LogTable2024[[#This Row],[Original Description_o]]), IF(ISBLANK(LogTable2024[[#This Row],[Original Description_i]]), """", LogTable2024[[#This Row],[Original Description_i]]), LogTable2024[[#This Row],[Original Description_o]])","=IF( ISBLANK(LogTable2024[[#This Row],[Category_o]]), IF(ISBLANK(LogTable2024[[#This Row],[Category_i]]), """", LogTable2024[[#This Row],[Category_i]]), LogTable2024[[#This Row],[Category_o]])","=IF( ISBLANK(LogTable2024[[#This Row],[Amount_o]]), IF(ISBLANK(LogTable2024[[#This Row],[Amount_i]]), """", LogTable2024[[#This Row],[Amount_i]]), LogTable2024[[#This Row],[Amount_o]])","=IF( ISBLANK(LogTable2024[[#This Row],[Status_o]]), IF(ISBLANK(LogTable2024[[#This Row],[Status_i]]), """", LogTable2024[[#This Row],[Status_i]]), LogTable2024[[#This Row],[Status_o]])",CC Payments,"=IF( IFNA(MATCH(LogTable2024[[#This Row],[My Category]], $Buckets.$D$4:$D$35, 0), FALSE()), ""."", ""E"")",
2/8/2024,King Soopers,KING SOOPERS #0057       WHEAT RIDGE  CO,Groceries,-31.83,Posted,CC 8366,,,,,,,"=IF( ISBLANK(LogTable2024[[#This Row],[Date_o]]), IF(ISBLANK(LogTable2024[[#This Row],[Date_i]]), """", LogTable2024[[#This Row],[Date_i]]), LogTable2024[[#This Row],[Date_o]])","=IF( ISBLANK(LogTable2024[[#This Row],[Description_o]]), IF(ISBLANK(LogTable2024[[#This Row],[Description_i]]), """", LogTable2024[[#This Row],[Description_i]]), LogTable2024[[#This Row],[Description_o]])","=IF( ISBLANK(LogTable2024[[#This Row],[Original Description_o]]), IF(ISBLANK(LogTable2024[[#This Row],[Original Description_i]]), """", LogTable2024[[#This Row],[Original Description_i]]), LogTable2024[[#This Row],[Original Description_o]])","=IF( ISBLANK(LogTable2024[[#This Row],[Category_o]]), IF(ISBLANK(LogTable2024[[#This Row],[Category_i]]), """", LogTable2024[[#This Row],[Category_i]]), LogTable2024[[#This Row],[Category_o]])","=IF( ISBLANK(LogTable2024[[#This Row],[Amount_o]]), IF(ISBLANK(LogTable2024[[#This Row],[Amount_i]]), """", LogTable2024[[#This Row],[Amount_i]]), LogTable2024[[#This Row],[Amount_o]])","=IF( ISBLANK(LogTable2024[[#This Row],[Status_o]]), IF(ISBLANK(LogTable2024[[#This Row],[Status_i]]), """", LogTable2024[[#This Row],[Status_i]]), LogTable2024[[#This Row],[Status_o]])",Groceries,"=IF( IFNA(MATCH(LogTable2024[[#This Row],[My Category]], $Buckets.$D$4:$D$35, 0), FALSE()), ""."", ""E"")",
2/8/2024,Afc Urgent Care Denver,AFC URGENT CARE DENVER H DENVER       CO,Doctor,-75,Posted,CC 8366,,,,,,,"=IF( ISBLANK(LogTable2024[[#This Row],[Date_o]]), IF(ISBLANK(LogTable2024[[#This Row],[Date_i]]), """", LogTable2024[[#This Row],[Date_i]]), LogTable2024[[#This Row],[Date_o]])","=IF( ISBLANK(LogTable2024[[#This Row],[Description_o]]), IF(ISBLANK(LogTable2024[[#This Row],[Description_i]]), """", LogTable2024[[#This Row],[Description_i]]), LogTable2024[[#This Row],[Description_o]])","=IF( ISBLANK(LogTable2024[[#This Row],[Original Description_o]]), IF(ISBLANK(LogTable2024[[#This Row],[Original Description_i]]), """", LogTable2024[[#This Row],[Original Description_i]]), LogTable2024[[#This Row],[Original Description_o]])","=IF( ISBLANK(LogTable2024[[#This Row],[Category_o]]), IF(ISBLANK(LogTable2024[[#This Row],[Category_i]]), """", LogTable2024[[#This Row],[Category_i]]), LogTable2024[[#This Row],[Category_o]])","=IF( ISBLANK(LogTable2024[[#This Row],[Amount_o]]), IF(ISBLANK(LogTable2024[[#This Row],[Amount_i]]), """", LogTable2024[[#This Row],[Amount_i]]), LogTable2024[[#This Row],[Amount_o]])","=IF( ISBLANK(LogTable2024[[#This Row],[Status_o]]), IF(ISBLANK(LogTable2024[[#This Row],[Status_i]]), """", LogTable2024[[#This Row],[Status_i]]), LogTable2024[[#This Row],[Status_o]])",Medical - Other,"=IF( IFNA(MATCH(LogTable2024[[#This Row],[My Category]], $Buckets.$D$4:$D$35, 0), FALSE()), ""."", ""E"")",
2/7/2024,Nature Conservancy,Nature Conservancy       800-6286860  VA,Gifts & Donations,-30,Posted,CC 8366,,,,,,,"=IF( ISBLANK(LogTable2024[[#This Row],[Date_o]]), IF(ISBLANK(LogTable2024[[#This Row],[Date_i]]), """", LogTable2024[[#This Row],[Date_i]]), LogTable2024[[#This Row],[Date_o]])","=IF( ISBLANK(LogTable2024[[#This Row],[Description_o]]), IF(ISBLANK(LogTable2024[[#This Row],[Description_i]]), """", LogTable2024[[#This Row],[Description_i]]), LogTable2024[[#This Row],[Description_o]])","=IF( ISBLANK(LogTable2024[[#This Row],[Original Description_o]]), IF(ISBLANK(LogTable2024[[#This Row],[Original Description_i]]), """", LogTable2024[[#This Row],[Original Description_i]]), LogTable2024[[#This Row],[Original Description_o]])","=IF( ISBLANK(LogTable2024[[#This Row],[Category_o]]), IF(ISBLANK(LogTable2024[[#This Row],[Category_i]]), """", LogTable2024[[#This Row],[Category_i]]), LogTable2024[[#This Row],[Category_o]])","=IF( ISBLANK(LogTable2024[[#This Row],[Amount_o]]), IF(ISBLANK(LogTable2024[[#This Row],[Amount_i]]), """", LogTable2024[[#This Row],[Amount_i]]), LogTable2024[[#This Row],[Amount_o]])","=IF( ISBLANK(LogTable2024[[#This Row],[Status_o]]), IF(ISBLANK(LogTable2024[[#This Row],[Status_i]]), """", LogTable2024[[#This Row],[Status_i]]), LogTable2024[[#This Row],[Status_o]])",Other - other,"=IF( IFNA(MATCH(LogTable2024[[#This Row],[My Category]], $Buckets.$D$4:$D$35, 0), FALSE()), ""."", ""E"")",
2/7/2024,Rocket,ROCKET 6515              NORTHGLENN   CO,Gas,-26.51,Posted,CC 8366,,,,,,,"=IF( ISBLANK(LogTable2024[[#This Row],[Date_o]]), IF(ISBLANK(LogTable2024[[#This Row],[Date_i]]), """", LogTable2024[[#This Row],[Date_i]]), LogTable2024[[#This Row],[Date_o]])","=IF( ISBLANK(LogTable2024[[#This Row],[Description_o]]), IF(ISBLANK(LogTable2024[[#This Row],[Description_i]]), """", LogTable2024[[#This Row],[Description_i]]), LogTable2024[[#This Row],[Description_o]])","=IF( ISBLANK(LogTable2024[[#This Row],[Original Description_o]]), IF(ISBLANK(LogTable2024[[#This Row],[Original Description_i]]), """", LogTable2024[[#This Row],[Original Description_i]]), LogTable2024[[#This Row],[Original Description_o]])","=IF( ISBLANK(LogTable2024[[#This Row],[Category_o]]), IF(ISBLANK(LogTable2024[[#This Row],[Category_i]]), """", LogTable2024[[#This Row],[Category_i]]), LogTable2024[[#This Row],[Category_o]])","=IF( ISBLANK(LogTable2024[[#This Row],[Amount_o]]), IF(ISBLANK(LogTable2024[[#This Row],[Amount_i]]), """", LogTable2024[[#This Row],[Amount_i]]), LogTable2024[[#This Row],[Amount_o]])","=IF( ISBLANK(LogTable2024[[#This Row],[Status_o]]), IF(ISBLANK(LogTable2024[[#This Row],[Status_i]]), """", LogTable2024[[#This Row],[Status_i]]), LogTable2024[[#This Row],[Status_o]])",Car - other,"=IF( IFNA(MATCH(LogTable2024[[#This Row],[My Category]], $Buckets.$D$4:$D$35, 0), FALSE()), ""."", ""E"")",
2/6/2024,CVS,CVS/PHARMACY #10784      DENVER       CO,Pharmacy,-13.59,Posted,CC 8366,,,,,,,"=IF( ISBLANK(LogTable2024[[#This Row],[Date_o]]), IF(ISBLANK(LogTable2024[[#This Row],[Date_i]]), """", LogTable2024[[#This Row],[Date_i]]), LogTable2024[[#This Row],[Date_o]])","=IF( ISBLANK(LogTable2024[[#This Row],[Description_o]]), IF(ISBLANK(LogTable2024[[#This Row],[Description_i]]), """", LogTable2024[[#This Row],[Description_i]]), LogTable2024[[#This Row],[Description_o]])","=IF( ISBLANK(LogTable2024[[#This Row],[Original Description_o]]), IF(ISBLANK(LogTable2024[[#This Row],[Original Description_i]]), """", LogTable2024[[#This Row],[Original Description_i]]), LogTable2024[[#This Row],[Original Description_o]])","=IF( ISBLANK(LogTable2024[[#This Row],[Category_o]]), IF(ISBLANK(LogTable2024[[#This Row],[Category_i]]), """", LogTable2024[[#This Row],[Category_i]]), LogTable2024[[#This Row],[Category_o]])","=IF( ISBLANK(LogTable2024[[#This Row],[Amount_o]]), IF(ISBLANK(LogTable2024[[#This Row],[Amount_i]]), """", LogTable2024[[#This Row],[Amount_i]]), LogTable2024[[#This Row],[Amount_o]])","=IF( ISBLANK(LogTable2024[[#This Row],[Status_o]]), IF(ISBLANK(LogTable2024[[#This Row],[Status_i]]), """", LogTable2024[[#This Row],[Status_i]]), LogTable2024[[#This Row],[Status_o]])",Medical - Other,"=IF( IFNA(MATCH(LogTable2024[[#This Row],[My Category]], $Buckets.$D$4:$D$35, 0), FALSE()), ""."", ""E"")",
2/5/2024,Cornerstoneapart Web,CORNERSTONEAPART WEB PMTS   ***********F4QF,Uncategorized,-1945,Posted,Chk 1121,,,,,,,"=IF( ISBLANK(LogTable2024[[#This Row],[Date_o]]), IF(ISBLANK(LogTable2024[[#This Row],[Date_i]]), """", LogTable2024[[#This Row],[Date_i]]), LogTable2024[[#This Row],[Date_o]])","=IF( ISBLANK(LogTable2024[[#This Row],[Description_o]]), IF(ISBLANK(LogTable2024[[#This Row],[Description_i]]), """", LogTable2024[[#This Row],[Description_i]]), LogTable2024[[#This Row],[Description_o]])","=IF( ISBLANK(LogTable2024[[#This Row],[Original Description_o]]), IF(ISBLANK(LogTable2024[[#This Row],[Original Description_i]]), """", LogTable2024[[#This Row],[Original Description_i]]), LogTable2024[[#This Row],[Original Description_o]])","=IF( ISBLANK(LogTable2024[[#This Row],[Category_o]]), IF(ISBLANK(LogTable2024[[#This Row],[Category_i]]), """", LogTable2024[[#This Row],[Category_i]]), LogTable2024[[#This Row],[Category_o]])","=IF( ISBLANK(LogTable2024[[#This Row],[Amount_o]]), IF(ISBLANK(LogTable2024[[#This Row],[Amount_i]]), """", LogTable2024[[#This Row],[Amount_i]]), LogTable2024[[#This Row],[Amount_o]])","=IF( ISBLANK(LogTable2024[[#This Row],[Status_o]]), IF(ISBLANK(LogTable2024[[#This Row],[Status_i]]), """", LogTable2024[[#This Row],[Status_i]]), LogTable2024[[#This Row],[Status_o]])",Rent,"=IF( IFNA(MATCH(LogTable2024[[#This Row],[My Category]], $Buckets.$D$4:$D$35, 0), FALSE()), ""."", ""E"")",
2/5/2024,Snarf's,SNARFS WESTMINSTER       DENVER       CO,Fast Food,-3.56,Posted,CC 8366,,,,,,,"=IF( ISBLANK(LogTable2024[[#This Row],[Date_o]]), IF(ISBLANK(LogTable2024[[#This Row],[Date_i]]), """", LogTable2024[[#This Row],[Date_i]]), LogTable2024[[#This Row],[Date_o]])","=IF( ISBLANK(LogTable2024[[#This Row],[Description_o]]), IF(ISBLANK(LogTable2024[[#This Row],[Description_i]]), """", LogTable2024[[#This Row],[Description_i]]), LogTable2024[[#This Row],[Description_o]])","=IF( ISBLANK(LogTable2024[[#This Row],[Original Description_o]]), IF(ISBLANK(LogTable2024[[#This Row],[Original Description_i]]), """", LogTable2024[[#This Row],[Original Description_i]]), LogTable2024[[#This Row],[Original Description_o]])","=IF( ISBLANK(LogTable2024[[#This Row],[Category_o]]), IF(ISBLANK(LogTable2024[[#This Row],[Category_i]]), """", LogTable2024[[#This Row],[Category_i]]), LogTable2024[[#This Row],[Category_o]])","=IF( ISBLANK(LogTable2024[[#This Row],[Amount_o]]), IF(ISBLANK(LogTable2024[[#This Row],[Amount_i]]), """", LogTable2024[[#This Row],[Amount_i]]), LogTable2024[[#This Row],[Amount_o]])","=IF( ISBLANK(LogTable2024[[#This Row],[Status_o]]), IF(ISBLANK(LogTable2024[[#This Row],[Status_i]]), """", LogTable2024[[#This Row],[Status_i]]), LogTable2024[[#This Row],[Status_o]])",Food - nice,"=IF( IFNA(MATCH(LogTable2024[[#This Row],[My Category]], $Buckets.$D$4:$D$35, 0), FALSE()), ""."", ""E"")",
2/5/2024,King Soopers,KING SOOPERS #0057       WHEAT RIDGE  CO,Groceries,-99.24,Posted,CC 8366,,,,,,,"=IF( ISBLANK(LogTable2024[[#This Row],[Date_o]]), IF(ISBLANK(LogTable2024[[#This Row],[Date_i]]), """", LogTable2024[[#This Row],[Date_i]]), LogTable2024[[#This Row],[Date_o]])","=IF( ISBLANK(LogTable2024[[#This Row],[Description_o]]), IF(ISBLANK(LogTable2024[[#This Row],[Description_i]]), """", LogTable2024[[#This Row],[Description_i]]), LogTable2024[[#This Row],[Description_o]])","=IF( ISBLANK(LogTable2024[[#This Row],[Original Description_o]]), IF(ISBLANK(LogTable2024[[#This Row],[Original Description_i]]), """", LogTable2024[[#This Row],[Original Description_i]]), LogTable2024[[#This Row],[Original Description_o]])","=IF( ISBLANK(LogTable2024[[#This Row],[Category_o]]), IF(ISBLANK(LogTable2024[[#This Row],[Category_i]]), """", LogTable2024[[#This Row],[Category_i]]), LogTable2024[[#This Row],[Category_o]])","=IF( ISBLANK(LogTable2024[[#This Row],[Amount_o]]), IF(ISBLANK(LogTable2024[[#This Row],[Amount_i]]), """", LogTable2024[[#This Row],[Amount_i]]), LogTable2024[[#This Row],[Amount_o]])","=IF( ISBLANK(LogTable2024[[#This Row],[Status_o]]), IF(ISBLANK(LogTable2024[[#This Row],[Status_i]]), """", LogTable2024[[#This Row],[Status_i]]), LogTable2024[[#This Row],[Status_o]])",Groceries,"=IF( IFNA(MATCH(LogTable2024[[#This Row],[My Category]], $Buckets.$D$4:$D$35, 0), FALSE()), ""."", ""E"")",
2/4/2024,T-Mobile,TMOBILE*AUTO PAY         800-937-8997 WA,Mobile Phone,-35,Posted,CC 8366,,,,,,,"=IF( ISBLANK(LogTable2024[[#This Row],[Date_o]]), IF(ISBLANK(LogTable2024[[#This Row],[Date_i]]), """", LogTable2024[[#This Row],[Date_i]]), LogTable2024[[#This Row],[Date_o]])","=IF( ISBLANK(LogTable2024[[#This Row],[Description_o]]), IF(ISBLANK(LogTable2024[[#This Row],[Description_i]]), """", LogTable2024[[#This Row],[Description_i]]), LogTable2024[[#This Row],[Description_o]])","=IF( ISBLANK(LogTable2024[[#This Row],[Original Description_o]]), IF(ISBLANK(LogTable2024[[#This Row],[Original Description_i]]), """", LogTable2024[[#This Row],[Original Description_i]]), LogTable2024[[#This Row],[Original Description_o]])","=IF( ISBLANK(LogTable2024[[#This Row],[Category_o]]), IF(ISBLANK(LogTable2024[[#This Row],[Category_i]]), """", LogTable2024[[#This Row],[Category_i]]), LogTable2024[[#This Row],[Category_o]])","=IF( ISBLANK(LogTable2024[[#This Row],[Amount_o]]), IF(ISBLANK(LogTable2024[[#This Row],[Amount_i]]), """", LogTable2024[[#This Row],[Amount_i]]), LogTable2024[[#This Row],[Amount_o]])","=IF( ISBLANK(LogTable2024[[#This Row],[Status_o]]), IF(ISBLANK(LogTable2024[[#This Row],[Status_i]]), """", LogTable2024[[#This Row],[Status_i]]), LogTable2024[[#This Row],[Status_o]])",Utilities,"=IF( IFNA(MATCH(LogTable2024[[#This Row],[My Category]], $Buckets.$D$4:$D$35, 0), FALSE()), ""."", ""E"")",
2/2/2024,Cornerstoneapart Web,CORNERSTONEAPART WEB PMTS   ***********QHPF,Uncategorized,-110.33,Posted,Chk 1121,,,,,,,"=IF( ISBLANK(LogTable2024[[#This Row],[Date_o]]), IF(ISBLANK(LogTable2024[[#This Row],[Date_i]]), """", LogTable2024[[#This Row],[Date_i]]), LogTable2024[[#This Row],[Date_o]])","=IF( ISBLANK(LogTable2024[[#This Row],[Description_o]]), IF(ISBLANK(LogTable2024[[#This Row],[Description_i]]), """", LogTable2024[[#This Row],[Description_i]]), LogTable2024[[#This Row],[Description_o]])","=IF( ISBLANK(LogTable2024[[#This Row],[Original Description_o]]), IF(ISBLANK(LogTable2024[[#This Row],[Original Description_i]]), """", LogTable2024[[#This Row],[Original Description_i]]), LogTable2024[[#This Row],[Original Description_o]])","=IF( ISBLANK(LogTable2024[[#This Row],[Category_o]]), IF(ISBLANK(LogTable2024[[#This Row],[Category_i]]), """", LogTable2024[[#This Row],[Category_i]]), LogTable2024[[#This Row],[Category_o]])","=IF( ISBLANK(LogTable2024[[#This Row],[Amount_o]]), IF(ISBLANK(LogTable2024[[#This Row],[Amount_i]]), """", LogTable2024[[#This Row],[Amount_i]]), LogTable2024[[#This Row],[Amount_o]])","=IF( ISBLANK(LogTable2024[[#This Row],[Status_o]]), IF(ISBLANK(LogTable2024[[#This Row],[Status_i]]), """", LogTable2024[[#This Row],[Status_i]]), LogTable2024[[#This Row],[Status_o]])",Rent,"=IF( IFNA(MATCH(LogTable2024[[#This Row],[My Category]], $Buckets.$D$4:$D$35, 0), FALSE()), ""."", ""E"")",
1/31/2024,Qdoba,QDOBA 2063               WESTMINSTER  CA,Fast Food,-12.16,Posted,CC 8366,,,,,,,"=IF( ISBLANK(LogTable2024[[#This Row],[Date_o]]), IF(ISBLANK(LogTable2024[[#This Row],[Date_i]]), """", LogTable2024[[#This Row],[Date_i]]), LogTable2024[[#This Row],[Date_o]])","=IF( ISBLANK(LogTable2024[[#This Row],[Description_o]]), IF(ISBLANK(LogTable2024[[#This Row],[Description_i]]), """", LogTable2024[[#This Row],[Description_i]]), LogTable2024[[#This Row],[Description_o]])","=IF( ISBLANK(LogTable2024[[#This Row],[Original Description_o]]), IF(ISBLANK(LogTable2024[[#This Row],[Original Description_i]]), """", LogTable2024[[#This Row],[Original Description_i]]), LogTable2024[[#This Row],[Original Description_o]])","=IF( ISBLANK(LogTable2024[[#This Row],[Category_o]]), IF(ISBLANK(LogTable2024[[#This Row],[Category_i]]), """", LogTable2024[[#This Row],[Category_i]]), LogTable2024[[#This Row],[Category_o]])","=IF( ISBLANK(LogTable2024[[#This Row],[Amount_o]]), IF(ISBLANK(LogTable2024[[#This Row],[Amount_i]]), """", LogTable2024[[#This Row],[Amount_i]]), LogTable2024[[#This Row],[Amount_o]])","=IF( ISBLANK(LogTable2024[[#This Row],[Status_o]]), IF(ISBLANK(LogTable2024[[#This Row],[Status_i]]), """", LogTable2024[[#This Row],[Status_i]]), LogTable2024[[#This Row],[Status_o]])",Food - nice,"=IF( IFNA(MATCH(LogTable2024[[#This Row],[My Category]], $Buckets.$D$4:$D$35, 0), FALSE()), ""."", ""E"")",
1/30/2024,Chick-fil-A,CHICK-FIL-A #01291       THORNTON     CO,Fast Food,-10.95,Posted,CC 8366,,,,,,,"=IF( ISBLANK(LogTable2024[[#This Row],[Date_o]]), IF(ISBLANK(LogTable2024[[#This Row],[Date_i]]), """", LogTable2024[[#This Row],[Date_i]]), LogTable2024[[#This Row],[Date_o]])","=IF( ISBLANK(LogTable2024[[#This Row],[Description_o]]), IF(ISBLANK(LogTable2024[[#This Row],[Description_i]]), """", LogTable2024[[#This Row],[Description_i]]), LogTable2024[[#This Row],[Description_o]])","=IF( ISBLANK(LogTable2024[[#This Row],[Original Description_o]]), IF(ISBLANK(LogTable2024[[#This Row],[Original Description_i]]), """", LogTable2024[[#This Row],[Original Description_i]]), LogTable2024[[#This Row],[Original Description_o]])","=IF( ISBLANK(LogTable2024[[#This Row],[Category_o]]), IF(ISBLANK(LogTable2024[[#This Row],[Category_i]]), """", LogTable2024[[#This Row],[Category_i]]), LogTable2024[[#This Row],[Category_o]])","=IF( ISBLANK(LogTable2024[[#This Row],[Amount_o]]), IF(ISBLANK(LogTable2024[[#This Row],[Amount_i]]), """", LogTable2024[[#This Row],[Amount_i]]), LogTable2024[[#This Row],[Amount_o]])","=IF( ISBLANK(LogTable2024[[#This Row],[Status_o]]), IF(ISBLANK(LogTable2024[[#This Row],[Status_i]]), """", LogTable2024[[#This Row],[Status_i]]), LogTable2024[[#This Row],[Status_o]])",Food - nice,"=IF( IFNA(MATCH(LogTable2024[[#This Row],[My Category]], $Buckets.$D$4:$D$35, 0), FALSE()), ""."", ""E"")",
1/30/2024,Insperity,"ASF, DBA Insperi PAYROLL    ***********5626",Paycheck,5616.04,Posted,Chk 1121,,,,,,,"=IF( ISBLANK(LogTable2024[[#This Row],[Date_o]]), IF(ISBLANK(LogTable2024[[#This Row],[Date_i]]), """", LogTable2024[[#This Row],[Date_i]]), LogTable2024[[#This Row],[Date_o]])","=IF( ISBLANK(LogTable2024[[#This Row],[Description_o]]), IF(ISBLANK(LogTable2024[[#This Row],[Description_i]]), """", LogTable2024[[#This Row],[Description_i]]), LogTable2024[[#This Row],[Description_o]])","=IF( ISBLANK(LogTable2024[[#This Row],[Original Description_o]]), IF(ISBLANK(LogTable2024[[#This Row],[Original Description_i]]), """", LogTable2024[[#This Row],[Original Description_i]]), LogTable2024[[#This Row],[Original Description_o]])","=IF( ISBLANK(LogTable2024[[#This Row],[Category_o]]), IF(ISBLANK(LogTable2024[[#This Row],[Category_i]]), """", LogTable2024[[#This Row],[Category_i]]), LogTable2024[[#This Row],[Category_o]])","=IF( ISBLANK(LogTable2024[[#This Row],[Amount_o]]), IF(ISBLANK(LogTable2024[[#This Row],[Amount_i]]), """", LogTable2024[[#This Row],[Amount_i]]), LogTable2024[[#This Row],[Amount_o]])","=IF( ISBLANK(LogTable2024[[#This Row],[Status_o]]), IF(ISBLANK(LogTable2024[[#This Row],[Status_i]]), """", LogTable2024[[#This Row],[Status_i]]), LogTable2024[[#This Row],[Status_o]])",Salary,"=IF( IFNA(MATCH(LogTable2024[[#This Row],[My Category]], $Buckets.$D$4:$D$35, 0), FALSE()), ""."", ""E"")",
1/29/2024,King Soopers,KING SOOPERS #0057       WHEAT RIDGE  CO,Groceries,-62.15,Posted,CC 8366,,,,,,,"=IF( ISBLANK(LogTable2024[[#This Row],[Date_o]]), IF(ISBLANK(LogTable2024[[#This Row],[Date_i]]), """", LogTable2024[[#This Row],[Date_i]]), LogTable2024[[#This Row],[Date_o]])","=IF( ISBLANK(LogTable2024[[#This Row],[Description_o]]), IF(ISBLANK(LogTable2024[[#This Row],[Description_i]]), """", LogTable2024[[#This Row],[Description_i]]), LogTable2024[[#This Row],[Description_o]])","=IF( ISBLANK(LogTable2024[[#This Row],[Original Description_o]]), IF(ISBLANK(LogTable2024[[#This Row],[Original Description_i]]), """", LogTable2024[[#This Row],[Original Description_i]]), LogTable2024[[#This Row],[Original Description_o]])","=IF( ISBLANK(LogTable2024[[#This Row],[Category_o]]), IF(ISBLANK(LogTable2024[[#This Row],[Category_i]]), """", LogTable2024[[#This Row],[Category_i]]), LogTable2024[[#This Row],[Category_o]])","=IF( ISBLANK(LogTable2024[[#This Row],[Amount_o]]), IF(ISBLANK(LogTable2024[[#This Row],[Amount_i]]), """", LogTable2024[[#This Row],[Amount_i]]), LogTable2024[[#This Row],[Amount_o]])","=IF( ISBLANK(LogTable2024[[#This Row],[Status_o]]), IF(ISBLANK(LogTable2024[[#This Row],[Status_i]]), """", LogTable2024[[#This Row],[Status_i]]), LogTable2024[[#This Row],[Status_o]])",Groceries,"=IF( IFNA(MATCH(LogTable2024[[#This Row],[My Category]], $Buckets.$D$4:$D$35, 0), FALSE()), ""."", ""E"")",
1/29/2024,The Pasty Republic,SQ *THE PASTY REPUBLIC   Denver       CO,Fast Food,-11.87,Posted,CC 8366,,,,,,,"=IF( ISBLANK(LogTable2024[[#This Row],[Date_o]]), IF(ISBLANK(LogTable2024[[#This Row],[Date_i]]), """", LogTable2024[[#This Row],[Date_i]]), LogTable2024[[#This Row],[Date_o]])","=IF( ISBLANK(LogTable2024[[#This Row],[Description_o]]), IF(ISBLANK(LogTable2024[[#This Row],[Description_i]]), """", LogTable2024[[#This Row],[Description_i]]), LogTable2024[[#This Row],[Description_o]])","=IF( ISBLANK(LogTable2024[[#This Row],[Original Description_o]]), IF(ISBLANK(LogTable2024[[#This Row],[Original Description_i]]), """", LogTable2024[[#This Row],[Original Description_i]]), LogTable2024[[#This Row],[Original Description_o]])","=IF( ISBLANK(LogTable2024[[#This Row],[Category_o]]), IF(ISBLANK(LogTable2024[[#This Row],[Category_i]]), """", LogTable2024[[#This Row],[Category_i]]), LogTable2024[[#This Row],[Category_o]])","=IF( ISBLANK(LogTable2024[[#This Row],[Amount_o]]), IF(ISBLANK(LogTable2024[[#This Row],[Amount_i]]), """", LogTable2024[[#This Row],[Amount_i]]), LogTable2024[[#This Row],[Amount_o]])","=IF( ISBLANK(LogTable2024[[#This Row],[Status_o]]), IF(ISBLANK(LogTable2024[[#This Row],[Status_i]]), """", LogTable2024[[#This Row],[Status_i]]), LogTable2024[[#This Row],[Status_o]])",Food - nice,"=IF( IFNA(MATCH(LogTable2024[[#This Row],[My Category]], $Buckets.$D$4:$D$35, 0), FALSE()), ""."", ""E"")",
1/26/2024,Interest Paid,INTEREST PAID,Interest Income,0.09,Posted,Chk 1121,,,,,,,"=IF( ISBLANK(LogTable2024[[#This Row],[Date_o]]), IF(ISBLANK(LogTable2024[[#This Row],[Date_i]]), """", LogTable2024[[#This Row],[Date_i]]), LogTable2024[[#This Row],[Date_o]])","=IF( ISBLANK(LogTable2024[[#This Row],[Description_o]]), IF(ISBLANK(LogTable2024[[#This Row],[Description_i]]), """", LogTable2024[[#This Row],[Description_i]]), LogTable2024[[#This Row],[Description_o]])","=IF( ISBLANK(LogTable2024[[#This Row],[Original Description_o]]), IF(ISBLANK(LogTable2024[[#This Row],[Original Description_i]]), """", LogTable2024[[#This Row],[Original Description_i]]), LogTable2024[[#This Row],[Original Description_o]])","=IF( ISBLANK(LogTable2024[[#This Row],[Category_o]]), IF(ISBLANK(LogTable2024[[#This Row],[Category_i]]), """", LogTable2024[[#This Row],[Category_i]]), LogTable2024[[#This Row],[Category_o]])","=IF( ISBLANK(LogTable2024[[#This Row],[Amount_o]]), IF(ISBLANK(LogTable2024[[#This Row],[Amount_i]]), """", LogTable2024[[#This Row],[Amount_i]]), LogTable2024[[#This Row],[Amount_o]])","=IF( ISBLANK(LogTable2024[[#This Row],[Status_o]]), IF(ISBLANK(LogTable2024[[#This Row],[Status_i]]), """", LogTable2024[[#This Row],[Status_i]]), LogTable2024[[#This Row],[Status_o]])",Income - other,"=IF( IFNA(MATCH(LogTable2024[[#This Row],[My Category]], $Buckets.$D$4:$D$35, 0), FALSE()), ""."", ""E"")",
1/24/2024,Mugi Ramen and Poke,MUGI RAMEN AND POKE      WESTMINSTER  CO,Food & Dining,-16.17,Posted,CC 8366,,,,,,,"=IF( ISBLANK(LogTable2024[[#This Row],[Date_o]]), IF(ISBLANK(LogTable2024[[#This Row],[Date_i]]), """", LogTable2024[[#This Row],[Date_i]]), LogTable2024[[#This Row],[Date_o]])","=IF( ISBLANK(LogTable2024[[#This Row],[Description_o]]), IF(ISBLANK(LogTable2024[[#This Row],[Description_i]]), """", LogTable2024[[#This Row],[Description_i]]), LogTable2024[[#This Row],[Description_o]])","=IF( ISBLANK(LogTable2024[[#This Row],[Original Description_o]]), IF(ISBLANK(LogTable2024[[#This Row],[Original Description_i]]), """", LogTable2024[[#This Row],[Original Description_i]]), LogTable2024[[#This Row],[Original Description_o]])","=IF( ISBLANK(LogTable2024[[#This Row],[Category_o]]), IF(ISBLANK(LogTable2024[[#This Row],[Category_i]]), """", LogTable2024[[#This Row],[Category_i]]), LogTable2024[[#This Row],[Category_o]])","=IF( ISBLANK(LogTable2024[[#This Row],[Amount_o]]), IF(ISBLANK(LogTable2024[[#This Row],[Amount_i]]), """", LogTable2024[[#This Row],[Amount_i]]), LogTable2024[[#This Row],[Amount_o]])","=IF( ISBLANK(LogTable2024[[#This Row],[Status_o]]), IF(ISBLANK(LogTable2024[[#This Row],[Status_i]]), """", LogTable2024[[#This Row],[Status_i]]), LogTable2024[[#This Row],[Status_o]])",Food - nice,"=IF( IFNA(MATCH(LogTable2024[[#This Row],[My Category]], $Buckets.$D$4:$D$35, 0), FALSE()), ""."", ""E"")",
1/22/2024,Bad Daddy's Burger Bar,BAD DADDY'S BURGER BAR   CENTENNIAL   CO,Food & Dining,-51.9,Posted,CC 8366,,,,,,,"=IF( ISBLANK(LogTable2024[[#This Row],[Date_o]]), IF(ISBLANK(LogTable2024[[#This Row],[Date_i]]), """", LogTable2024[[#This Row],[Date_i]]), LogTable2024[[#This Row],[Date_o]])","=IF( ISBLANK(LogTable2024[[#This Row],[Description_o]]), IF(ISBLANK(LogTable2024[[#This Row],[Description_i]]), """", LogTable2024[[#This Row],[Description_i]]), LogTable2024[[#This Row],[Description_o]])","=IF( ISBLANK(LogTable2024[[#This Row],[Original Description_o]]), IF(ISBLANK(LogTable2024[[#This Row],[Original Description_i]]), """", LogTable2024[[#This Row],[Original Description_i]]), LogTable2024[[#This Row],[Original Description_o]])","=IF( ISBLANK(LogTable2024[[#This Row],[Category_o]]), IF(ISBLANK(LogTable2024[[#This Row],[Category_i]]), """", LogTable2024[[#This Row],[Category_i]]), LogTable2024[[#This Row],[Category_o]])","=IF( ISBLANK(LogTable2024[[#This Row],[Amount_o]]), IF(ISBLANK(LogTable2024[[#This Row],[Amount_i]]), """", LogTable2024[[#This Row],[Amount_i]]), LogTable2024[[#This Row],[Amount_o]])","=IF( ISBLANK(LogTable2024[[#This Row],[Status_o]]), IF(ISBLANK(LogTable2024[[#This Row],[Status_i]]), """", LogTable2024[[#This Row],[Status_i]]), LogTable2024[[#This Row],[Status_o]])",Dates,"=IF( IFNA(MATCH(LogTable2024[[#This Row],[My Category]], $Buckets.$D$4:$D$35, 0), FALSE()), ""."", ""E"")",
1/21/2024,Scott @ Tried & True,SQ *SCOTT @ TRIED & TRUE Denver       CO,Hair,-56.25,Posted,CC 8366,,,,,,,"=IF( ISBLANK(LogTable2024[[#This Row],[Date_o]]), IF(ISBLANK(LogTable2024[[#This Row],[Date_i]]), """", LogTable2024[[#This Row],[Date_i]]), LogTable2024[[#This Row],[Date_o]])","=IF( ISBLANK(LogTable2024[[#This Row],[Description_o]]), IF(ISBLANK(LogTable2024[[#This Row],[Description_i]]), """", LogTable2024[[#This Row],[Description_i]]), LogTable2024[[#This Row],[Description_o]])","=IF( ISBLANK(LogTable2024[[#This Row],[Original Description_o]]), IF(ISBLANK(LogTable2024[[#This Row],[Original Description_i]]), """", LogTable2024[[#This Row],[Original Description_i]]), LogTable2024[[#This Row],[Original Description_o]])","=IF( ISBLANK(LogTable2024[[#This Row],[Category_o]]), IF(ISBLANK(LogTable2024[[#This Row],[Category_i]]), """", LogTable2024[[#This Row],[Category_i]]), LogTable2024[[#This Row],[Category_o]])","=IF( ISBLANK(LogTable2024[[#This Row],[Amount_o]]), IF(ISBLANK(LogTable2024[[#This Row],[Amount_i]]), """", LogTable2024[[#This Row],[Amount_i]]), LogTable2024[[#This Row],[Amount_o]])","=IF( ISBLANK(LogTable2024[[#This Row],[Status_o]]), IF(ISBLANK(LogTable2024[[#This Row],[Status_i]]), """", LogTable2024[[#This Row],[Status_i]]), LogTable2024[[#This Row],[Status_o]])",Clothes/Personal care,"=IF( IFNA(MATCH(LogTable2024[[#This Row],[My Category]], $Buckets.$D$4:$D$35, 0), FALSE()), ""."", ""E"")",
1/21/2024,The Grateful Gnome,THE GRATEFUL GNOME       973-8858125  CO,Alcohol & Bars,-14.9,Posted,CC 8366,,,,,,,"=IF( ISBLANK(LogTable2024[[#This Row],[Date_o]]), IF(ISBLANK(LogTable2024[[#This Row],[Date_i]]), """", LogTable2024[[#This Row],[Date_i]]), LogTable2024[[#This Row],[Date_o]])","=IF( ISBLANK(LogTable2024[[#This Row],[Description_o]]), IF(ISBLANK(LogTable2024[[#This Row],[Description_i]]), """", LogTable2024[[#This Row],[Description_i]]), LogTable2024[[#This Row],[Description_o]])","=IF( ISBLANK(LogTable2024[[#This Row],[Original Description_o]]), IF(ISBLANK(LogTable2024[[#This Row],[Original Description_i]]), """", LogTable2024[[#This Row],[Original Description_i]]), LogTable2024[[#This Row],[Original Description_o]])","=IF( ISBLANK(LogTable2024[[#This Row],[Category_o]]), IF(ISBLANK(LogTable2024[[#This Row],[Category_i]]), """", LogTable2024[[#This Row],[Category_i]]), LogTable2024[[#This Row],[Category_o]])","=IF( ISBLANK(LogTable2024[[#This Row],[Amount_o]]), IF(ISBLANK(LogTable2024[[#This Row],[Amount_i]]), """", LogTable2024[[#This Row],[Amount_i]]), LogTable2024[[#This Row],[Amount_o]])","=IF( ISBLANK(LogTable2024[[#This Row],[Status_o]]), IF(ISBLANK(LogTable2024[[#This Row],[Status_i]]), """", LogTable2024[[#This Row],[Status_i]]), LogTable2024[[#This Row],[Status_o]])",Food - nice,"=IF( IFNA(MATCH(LogTable2024[[#This Row],[My Category]], $Buckets.$D$4:$D$35, 0), FALSE()), ""."", ""E"")",
1/19/2024,Account Verification Deposit from Bill.com,Bill.com         ACCTVERIFY ***********MKUO,Transfer,0.01,Posted,Chk 1121,,,,,,,"=IF( ISBLANK(LogTable2024[[#This Row],[Date_o]]), IF(ISBLANK(LogTable2024[[#This Row],[Date_i]]), """", LogTable2024[[#This Row],[Date_i]]), LogTable2024[[#This Row],[Date_o]])","=IF( ISBLANK(LogTable2024[[#This Row],[Description_o]]), IF(ISBLANK(LogTable2024[[#This Row],[Description_i]]), """", LogTable2024[[#This Row],[Description_i]]), LogTable2024[[#This Row],[Description_o]])","=IF( ISBLANK(LogTable2024[[#This Row],[Original Description_o]]), IF(ISBLANK(LogTable2024[[#This Row],[Original Description_i]]), """", LogTable2024[[#This Row],[Original Description_i]]), LogTable2024[[#This Row],[Original Description_o]])","=IF( ISBLANK(LogTable2024[[#This Row],[Category_o]]), IF(ISBLANK(LogTable2024[[#This Row],[Category_i]]), """", LogTable2024[[#This Row],[Category_i]]), LogTable2024[[#This Row],[Category_o]])","=IF( ISBLANK(LogTable2024[[#This Row],[Amount_o]]), IF(ISBLANK(LogTable2024[[#This Row],[Amount_i]]), """", LogTable2024[[#This Row],[Amount_i]]), LogTable2024[[#This Row],[Amount_o]])","=IF( ISBLANK(LogTable2024[[#This Row],[Status_o]]), IF(ISBLANK(LogTable2024[[#This Row],[Status_i]]), """", LogTable2024[[#This Row],[Status_i]]), LogTable2024[[#This Row],[Status_o]])",Income - other,"=IF( IFNA(MATCH(LogTable2024[[#This Row],[My Category]], $Buckets.$D$4:$D$35, 0), FALSE()), ""."", ""E"")",
1/19/2024,I Hop Ipa,SQ *I HOP IPA            BROOMFIELD   CO,Business Services,-10.65,Posted,CC 8366,,,,,,,"=IF( ISBLANK(LogTable2024[[#This Row],[Date_o]]), IF(ISBLANK(LogTable2024[[#This Row],[Date_i]]), """", LogTable2024[[#This Row],[Date_i]]), LogTable2024[[#This Row],[Date_o]])","=IF( ISBLANK(LogTable2024[[#This Row],[Description_o]]), IF(ISBLANK(LogTable2024[[#This Row],[Description_i]]), """", LogTable2024[[#This Row],[Description_i]]), LogTable2024[[#This Row],[Description_o]])","=IF( ISBLANK(LogTable2024[[#This Row],[Original Description_o]]), IF(ISBLANK(LogTable2024[[#This Row],[Original Description_i]]), """", LogTable2024[[#This Row],[Original Description_i]]), LogTable2024[[#This Row],[Original Description_o]])","=IF( ISBLANK(LogTable2024[[#This Row],[Category_o]]), IF(ISBLANK(LogTable2024[[#This Row],[Category_i]]), """", LogTable2024[[#This Row],[Category_i]]), LogTable2024[[#This Row],[Category_o]])","=IF( ISBLANK(LogTable2024[[#This Row],[Amount_o]]), IF(ISBLANK(LogTable2024[[#This Row],[Amount_i]]), """", LogTable2024[[#This Row],[Amount_i]]), LogTable2024[[#This Row],[Amount_o]])","=IF( ISBLANK(LogTable2024[[#This Row],[Status_o]]), IF(ISBLANK(LogTable2024[[#This Row],[Status_i]]), """", LogTable2024[[#This Row],[Status_i]]), LogTable2024[[#This Row],[Status_o]])",Going out,"=IF( IFNA(MATCH(LogTable2024[[#This Row],[My Category]], $Buckets.$D$4:$D$35, 0), FALSE()), ""."", ""E"")",
1/19/2024,Outlaw Wings,SQ *OUTLAW WINGS         Broomfield   CO,Restaurants,-21.24,Posted,CC 8366,,,,,,,"=IF( ISBLANK(LogTable2024[[#This Row],[Date_o]]), IF(ISBLANK(LogTable2024[[#This Row],[Date_i]]), """", LogTable2024[[#This Row],[Date_i]]), LogTable2024[[#This Row],[Date_o]])","=IF( ISBLANK(LogTable2024[[#This Row],[Description_o]]), IF(ISBLANK(LogTable2024[[#This Row],[Description_i]]), """", LogTable2024[[#This Row],[Description_i]]), LogTable2024[[#This Row],[Description_o]])","=IF( ISBLANK(LogTable2024[[#This Row],[Original Description_o]]), IF(ISBLANK(LogTable2024[[#This Row],[Original Description_i]]), """", LogTable2024[[#This Row],[Original Description_i]]), LogTable2024[[#This Row],[Original Description_o]])","=IF( ISBLANK(LogTable2024[[#This Row],[Category_o]]), IF(ISBLANK(LogTable2024[[#This Row],[Category_i]]), """", LogTable2024[[#This Row],[Category_i]]), LogTable2024[[#This Row],[Category_o]])","=IF( ISBLANK(LogTable2024[[#This Row],[Amount_o]]), IF(ISBLANK(LogTable2024[[#This Row],[Amount_i]]), """", LogTable2024[[#This Row],[Amount_i]]), LogTable2024[[#This Row],[Amount_o]])","=IF( ISBLANK(LogTable2024[[#This Row],[Status_o]]), IF(ISBLANK(LogTable2024[[#This Row],[Status_i]]), """", LogTable2024[[#This Row],[Status_i]]), LogTable2024[[#This Row],[Status_o]])",Food - nice,"=IF( IFNA(MATCH(LogTable2024[[#This Row],[My Category]], $Buckets.$D$4:$D$35, 0), FALSE()), ""."", ""E"")",
1/19/2024,Qdoba,QDOBA 2063               WESTMINSTER  CA,Fast Food,-14.53,Posted,CC 8366,,,,,,,"=IF( ISBLANK(LogTable2024[[#This Row],[Date_o]]), IF(ISBLANK(LogTable2024[[#This Row],[Date_i]]), """", LogTable2024[[#This Row],[Date_i]]), LogTable2024[[#This Row],[Date_o]])","=IF( ISBLANK(LogTable2024[[#This Row],[Description_o]]), IF(ISBLANK(LogTable2024[[#This Row],[Description_i]]), """", LogTable2024[[#This Row],[Description_i]]), LogTable2024[[#This Row],[Description_o]])","=IF( ISBLANK(LogTable2024[[#This Row],[Original Description_o]]), IF(ISBLANK(LogTable2024[[#This Row],[Original Description_i]]), """", LogTable2024[[#This Row],[Original Description_i]]), LogTable2024[[#This Row],[Original Description_o]])","=IF( ISBLANK(LogTable2024[[#This Row],[Category_o]]), IF(ISBLANK(LogTable2024[[#This Row],[Category_i]]), """", LogTable2024[[#This Row],[Category_i]]), LogTable2024[[#This Row],[Category_o]])","=IF( ISBLANK(LogTable2024[[#This Row],[Amount_o]]), IF(ISBLANK(LogTable2024[[#This Row],[Amount_i]]), """", LogTable2024[[#This Row],[Amount_i]]), LogTable2024[[#This Row],[Amount_o]])","=IF( ISBLANK(LogTable2024[[#This Row],[Status_o]]), IF(ISBLANK(LogTable2024[[#This Row],[Status_i]]), """", LogTable2024[[#This Row],[Status_i]]), LogTable2024[[#This Row],[Status_o]])",Food - nice,"=IF( IFNA(MATCH(LogTable2024[[#This Row],[My Category]], $Buckets.$D$4:$D$35, 0), FALSE()), ""."", ""E"")",
1/19/2024,Safeway Fuel,SAFEWAY FUEL0244         DENVER       CO,Gas,-26.05,Posted,CC 8366,,,,,,,"=IF( ISBLANK(LogTable2024[[#This Row],[Date_o]]), IF(ISBLANK(LogTable2024[[#This Row],[Date_i]]), """", LogTable2024[[#This Row],[Date_i]]), LogTable2024[[#This Row],[Date_o]])","=IF( ISBLANK(LogTable2024[[#This Row],[Description_o]]), IF(ISBLANK(LogTable2024[[#This Row],[Description_i]]), """", LogTable2024[[#This Row],[Description_i]]), LogTable2024[[#This Row],[Description_o]])","=IF( ISBLANK(LogTable2024[[#This Row],[Original Description_o]]), IF(ISBLANK(LogTable2024[[#This Row],[Original Description_i]]), """", LogTable2024[[#This Row],[Original Description_i]]), LogTable2024[[#This Row],[Original Description_o]])","=IF( ISBLANK(LogTable2024[[#This Row],[Category_o]]), IF(ISBLANK(LogTable2024[[#This Row],[Category_i]]), """", LogTable2024[[#This Row],[Category_i]]), LogTable2024[[#This Row],[Category_o]])","=IF( ISBLANK(LogTable2024[[#This Row],[Amount_o]]), IF(ISBLANK(LogTable2024[[#This Row],[Amount_i]]), """", LogTable2024[[#This Row],[Amount_i]]), LogTable2024[[#This Row],[Amount_o]])","=IF( ISBLANK(LogTable2024[[#This Row],[Status_o]]), IF(ISBLANK(LogTable2024[[#This Row],[Status_i]]), """", LogTable2024[[#This Row],[Status_i]]), LogTable2024[[#This Row],[Status_o]])",Car - other,"=IF( IFNA(MATCH(LogTable2024[[#This Row],[My Category]], $Buckets.$D$4:$D$35, 0), FALSE()), ""."", ""E"")",
1/16/2024,King Soopers,KING SOOPERS #0057       WHEAT RIDGE  CO,Groceries,-150.41,Posted,CC 8366,,,,,,,"=IF( ISBLANK(LogTable2024[[#This Row],[Date_o]]), IF(ISBLANK(LogTable2024[[#This Row],[Date_i]]), """", LogTable2024[[#This Row],[Date_i]]), LogTable2024[[#This Row],[Date_o]])","=IF( ISBLANK(LogTable2024[[#This Row],[Description_o]]), IF(ISBLANK(LogTable2024[[#This Row],[Description_i]]), """", LogTable2024[[#This Row],[Description_i]]), LogTable2024[[#This Row],[Description_o]])","=IF( ISBLANK(LogTable2024[[#This Row],[Original Description_o]]), IF(ISBLANK(LogTable2024[[#This Row],[Original Description_i]]), """", LogTable2024[[#This Row],[Original Description_i]]), LogTable2024[[#This Row],[Original Description_o]])","=IF( ISBLANK(LogTable2024[[#This Row],[Category_o]]), IF(ISBLANK(LogTable2024[[#This Row],[Category_i]]), """", LogTable2024[[#This Row],[Category_i]]), LogTable2024[[#This Row],[Category_o]])","=IF( ISBLANK(LogTable2024[[#This Row],[Amount_o]]), IF(ISBLANK(LogTable2024[[#This Row],[Amount_i]]), """", LogTable2024[[#This Row],[Amount_i]]), LogTable2024[[#This Row],[Amount_o]])","=IF( ISBLANK(LogTable2024[[#This Row],[Status_o]]), IF(ISBLANK(LogTable2024[[#This Row],[Status_i]]), """", LogTable2024[[#This Row],[Status_i]]), LogTable2024[[#This Row],[Status_o]])",Groceries,"=IF( IFNA(MATCH(LogTable2024[[#This Row],[My Category]], $Buckets.$D$4:$D$35, 0), FALSE()), ""."", ""E"")",
1/16/2024,Patreon,PAYPAL *PATREON INC  MEMB402-935-7733 CA,Entertainment,-2,Posted,CC 8366,,,,,,,"=IF( ISBLANK(LogTable2024[[#This Row],[Date_o]]), IF(ISBLANK(LogTable2024[[#This Row],[Date_i]]), """", LogTable2024[[#This Row],[Date_i]]), LogTable2024[[#This Row],[Date_o]])","=IF( ISBLANK(LogTable2024[[#This Row],[Description_o]]), IF(ISBLANK(LogTable2024[[#This Row],[Description_i]]), """", LogTable2024[[#This Row],[Description_i]]), LogTable2024[[#This Row],[Description_o]])","=IF( ISBLANK(LogTable2024[[#This Row],[Original Description_o]]), IF(ISBLANK(LogTable2024[[#This Row],[Original Description_i]]), """", LogTable2024[[#This Row],[Original Description_i]]), LogTable2024[[#This Row],[Original Description_o]])","=IF( ISBLANK(LogTable2024[[#This Row],[Category_o]]), IF(ISBLANK(LogTable2024[[#This Row],[Category_i]]), """", LogTable2024[[#This Row],[Category_i]]), LogTable2024[[#This Row],[Category_o]])","=IF( ISBLANK(LogTable2024[[#This Row],[Amount_o]]), IF(ISBLANK(LogTable2024[[#This Row],[Amount_i]]), """", LogTable2024[[#This Row],[Amount_i]]), LogTable2024[[#This Row],[Amount_o]])","=IF( ISBLANK(LogTable2024[[#This Row],[Status_o]]), IF(ISBLANK(LogTable2024[[#This Row],[Status_i]]), """", LogTable2024[[#This Row],[Status_i]]), LogTable2024[[#This Row],[Status_o]])",Entertainment - other,"=IF( IFNA(MATCH(LogTable2024[[#This Row],[My Category]], $Buckets.$D$4:$D$35, 0), FALSE()), ""."", ""E"")",
1/13/2024,An Honda,AN HONDA 104             303-469-5551 CO,Auto & Transport,-107.48,Posted,CC 8366,,,,,,,"=IF( ISBLANK(LogTable2024[[#This Row],[Date_o]]), IF(ISBLANK(LogTable2024[[#This Row],[Date_i]]), """", LogTable2024[[#This Row],[Date_i]]), LogTable2024[[#This Row],[Date_o]])","=IF( ISBLANK(LogTable2024[[#This Row],[Description_o]]), IF(ISBLANK(LogTable2024[[#This Row],[Description_i]]), """", LogTable2024[[#This Row],[Description_i]]), LogTable2024[[#This Row],[Description_o]])","=IF( ISBLANK(LogTable2024[[#This Row],[Original Description_o]]), IF(ISBLANK(LogTable2024[[#This Row],[Original Description_i]]), """", LogTable2024[[#This Row],[Original Description_i]]), LogTable2024[[#This Row],[Original Description_o]])","=IF( ISBLANK(LogTable2024[[#This Row],[Category_o]]), IF(ISBLANK(LogTable2024[[#This Row],[Category_i]]), """", LogTable2024[[#This Row],[Category_i]]), LogTable2024[[#This Row],[Category_o]])","=IF( ISBLANK(LogTable2024[[#This Row],[Amount_o]]), IF(ISBLANK(LogTable2024[[#This Row],[Amount_i]]), """", LogTable2024[[#This Row],[Amount_i]]), LogTable2024[[#This Row],[Amount_o]])","=IF( ISBLANK(LogTable2024[[#This Row],[Status_o]]), IF(ISBLANK(LogTable2024[[#This Row],[Status_i]]), """", LogTable2024[[#This Row],[Status_i]]), LogTable2024[[#This Row],[Status_o]])",Car - other,"=IF( IFNA(MATCH(LogTable2024[[#This Row],[My Category]], $Buckets.$D$4:$D$35, 0), FALSE()), ""."", ""E"")",
1/12/2024,Mad Greens,MAD GREENS MG0115        WESTMINSTER  CO,Restaurants,-14.57,Posted,CC 8366,,,,,,,"=IF( ISBLANK(LogTable2024[[#This Row],[Date_o]]), IF(ISBLANK(LogTable2024[[#This Row],[Date_i]]), """", LogTable2024[[#This Row],[Date_i]]), LogTable2024[[#This Row],[Date_o]])","=IF( ISBLANK(LogTable2024[[#This Row],[Description_o]]), IF(ISBLANK(LogTable2024[[#This Row],[Description_i]]), """", LogTable2024[[#This Row],[Description_i]]), LogTable2024[[#This Row],[Description_o]])","=IF( ISBLANK(LogTable2024[[#This Row],[Original Description_o]]), IF(ISBLANK(LogTable2024[[#This Row],[Original Description_i]]), """", LogTable2024[[#This Row],[Original Description_i]]), LogTable2024[[#This Row],[Original Description_o]])","=IF( ISBLANK(LogTable2024[[#This Row],[Category_o]]), IF(ISBLANK(LogTable2024[[#This Row],[Category_i]]), """", LogTable2024[[#This Row],[Category_i]]), LogTable2024[[#This Row],[Category_o]])","=IF( ISBLANK(LogTable2024[[#This Row],[Amount_o]]), IF(ISBLANK(LogTable2024[[#This Row],[Amount_i]]), """", LogTable2024[[#This Row],[Amount_i]]), LogTable2024[[#This Row],[Amount_o]])","=IF( ISBLANK(LogTable2024[[#This Row],[Status_o]]), IF(ISBLANK(LogTable2024[[#This Row],[Status_i]]), """", LogTable2024[[#This Row],[Status_i]]), LogTable2024[[#This Row],[Status_o]])",Food - nice,"=IF( IFNA(MATCH(LogTable2024[[#This Row],[My Category]], $Buckets.$D$4:$D$35, 0), FALSE()), ""."", ""E"")",
1/11/2024,Advs Ed Serv Studntloan,ADVS ED SERV PPD STUDNTLOAN ***********0000,Student Loan,-500,Posted,Chk 1121,,,,,,,"=IF( ISBLANK(LogTable2024[[#This Row],[Date_o]]), IF(ISBLANK(LogTable2024[[#This Row],[Date_i]]), """", LogTable2024[[#This Row],[Date_i]]), LogTable2024[[#This Row],[Date_o]])","=IF( ISBLANK(LogTable2024[[#This Row],[Description_o]]), IF(ISBLANK(LogTable2024[[#This Row],[Description_i]]), """", LogTable2024[[#This Row],[Description_i]]), LogTable2024[[#This Row],[Description_o]])","=IF( ISBLANK(LogTable2024[[#This Row],[Original Description_o]]), IF(ISBLANK(LogTable2024[[#This Row],[Original Description_i]]), """", LogTable2024[[#This Row],[Original Description_i]]), LogTable2024[[#This Row],[Original Description_o]])","=IF( ISBLANK(LogTable2024[[#This Row],[Category_o]]), IF(ISBLANK(LogTable2024[[#This Row],[Category_i]]), """", LogTable2024[[#This Row],[Category_i]]), LogTable2024[[#This Row],[Category_o]])","=IF( ISBLANK(LogTable2024[[#This Row],[Amount_o]]), IF(ISBLANK(LogTable2024[[#This Row],[Amount_i]]), """", LogTable2024[[#This Row],[Amount_i]]), LogTable2024[[#This Row],[Amount_o]])","=IF( ISBLANK(LogTable2024[[#This Row],[Status_o]]), IF(ISBLANK(LogTable2024[[#This Row],[Status_i]]), """", LogTable2024[[#This Row],[Status_i]]), LogTable2024[[#This Row],[Status_o]])",Self-improvement,"=IF( IFNA(MATCH(LogTable2024[[#This Row],[My Category]], $Buckets.$D$4:$D$35, 0), FALSE()), ""."", ""E"")",Student loans
1/11/2024,Snarf's,SNARFS WESTMINSTER       DENVER       CO,Fast Food,-20.06,Posted,CC 8366,,,,,,,"=IF( ISBLANK(LogTable2024[[#This Row],[Date_o]]), IF(ISBLANK(LogTable2024[[#This Row],[Date_i]]), """", LogTable2024[[#This Row],[Date_i]]), LogTable2024[[#This Row],[Date_o]])","=IF( ISBLANK(LogTable2024[[#This Row],[Description_o]]), IF(ISBLANK(LogTable2024[[#This Row],[Description_i]]), """", LogTable2024[[#This Row],[Description_i]]), LogTable2024[[#This Row],[Description_o]])","=IF( ISBLANK(LogTable2024[[#This Row],[Original Description_o]]), IF(ISBLANK(LogTable2024[[#This Row],[Original Description_i]]), """", LogTable2024[[#This Row],[Original Description_i]]), LogTable2024[[#This Row],[Original Description_o]])","=IF( ISBLANK(LogTable2024[[#This Row],[Category_o]]), IF(ISBLANK(LogTable2024[[#This Row],[Category_i]]), """", LogTable2024[[#This Row],[Category_i]]), LogTable2024[[#This Row],[Category_o]])","=IF( ISBLANK(LogTable2024[[#This Row],[Amount_o]]), IF(ISBLANK(LogTable2024[[#This Row],[Amount_i]]), """", LogTable2024[[#This Row],[Amount_i]]), LogTable2024[[#This Row],[Amount_o]])","=IF( ISBLANK(LogTable2024[[#This Row],[Status_o]]), IF(ISBLANK(LogTable2024[[#This Row],[Status_i]]), """", LogTable2024[[#This Row],[Status_i]]), LogTable2024[[#This Row],[Status_o]])",Food - nice,"=IF( IFNA(MATCH(LogTable2024[[#This Row],[My Category]], $Buckets.$D$4:$D$35, 0), FALSE()), ""."", ""E"")",
1/11/2024,USAA Property and Casualty Insurance,USAA P&C         AUTOPAY    ***********4530,Financial,-163.71,Posted,Chk 1121,,,,,,,"=IF( ISBLANK(LogTable2024[[#This Row],[Date_o]]), IF(ISBLANK(LogTable2024[[#This Row],[Date_i]]), """", LogTable2024[[#This Row],[Date_i]]), LogTable2024[[#This Row],[Date_o]])","=IF( ISBLANK(LogTable2024[[#This Row],[Description_o]]), IF(ISBLANK(LogTable2024[[#This Row],[Description_i]]), """", LogTable2024[[#This Row],[Description_i]]), LogTable2024[[#This Row],[Description_o]])","=IF( ISBLANK(LogTable2024[[#This Row],[Original Description_o]]), IF(ISBLANK(LogTable2024[[#This Row],[Original Description_i]]), """", LogTable2024[[#This Row],[Original Description_i]]), LogTable2024[[#This Row],[Original Description_o]])","=IF( ISBLANK(LogTable2024[[#This Row],[Category_o]]), IF(ISBLANK(LogTable2024[[#This Row],[Category_i]]), """", LogTable2024[[#This Row],[Category_i]]), LogTable2024[[#This Row],[Category_o]])","=IF( ISBLANK(LogTable2024[[#This Row],[Amount_o]]), IF(ISBLANK(LogTable2024[[#This Row],[Amount_i]]), """", LogTable2024[[#This Row],[Amount_i]]), LogTable2024[[#This Row],[Amount_o]])","=IF( ISBLANK(LogTable2024[[#This Row],[Status_o]]), IF(ISBLANK(LogTable2024[[#This Row],[Status_i]]), """", LogTable2024[[#This Row],[Status_i]]), LogTable2024[[#This Row],[Status_o]])",Car/Rental Insurance,"=IF( IFNA(MATCH(LogTable2024[[#This Row],[My Category]], $Buckets.$D$4:$D$35, 0), FALSE()), ""."", ""E"")",
1/10/2024,Spotify,PAYPAL           INST XFER  ***********USAI,Music,-11.9,Posted,Chk 1121,,,,,,,"=IF( ISBLANK(LogTable2024[[#This Row],[Date_o]]), IF(ISBLANK(LogTable2024[[#This Row],[Date_i]]), """", LogTable2024[[#This Row],[Date_i]]), LogTable2024[[#This Row],[Date_o]])","=IF( ISBLANK(LogTable2024[[#This Row],[Description_o]]), IF(ISBLANK(LogTable2024[[#This Row],[Description_i]]), """", LogTable2024[[#This Row],[Description_i]]), LogTable2024[[#This Row],[Description_o]])","=IF( ISBLANK(LogTable2024[[#This Row],[Original Description_o]]), IF(ISBLANK(LogTable2024[[#This Row],[Original Description_i]]), """", LogTable2024[[#This Row],[Original Description_i]]), LogTable2024[[#This Row],[Original Description_o]])","=IF( ISBLANK(LogTable2024[[#This Row],[Category_o]]), IF(ISBLANK(LogTable2024[[#This Row],[Category_i]]), """", LogTable2024[[#This Row],[Category_i]]), LogTable2024[[#This Row],[Category_o]])","=IF( ISBLANK(LogTable2024[[#This Row],[Amount_o]]), IF(ISBLANK(LogTable2024[[#This Row],[Amount_i]]), """", LogTable2024[[#This Row],[Amount_i]]), LogTable2024[[#This Row],[Amount_o]])","=IF( ISBLANK(LogTable2024[[#This Row],[Status_o]]), IF(ISBLANK(LogTable2024[[#This Row],[Status_i]]), """", LogTable2024[[#This Row],[Status_i]]), LogTable2024[[#This Row],[Status_o]])",Entertainment - other,"=IF( IFNA(MATCH(LogTable2024[[#This Row],[My Category]], $Buckets.$D$4:$D$35, 0), FALSE()), ""."", ""E"")",
1/9/2024,Post Oak Bbq,TST* POST OAK BBQ        DENVER       CO,Restaurants,-23.23,Posted,CC 8366,,,,,,,"=IF( ISBLANK(LogTable2024[[#This Row],[Date_o]]), IF(ISBLANK(LogTable2024[[#This Row],[Date_i]]), """", LogTable2024[[#This Row],[Date_i]]), LogTable2024[[#This Row],[Date_o]])","=IF( ISBLANK(LogTable2024[[#This Row],[Description_o]]), IF(ISBLANK(LogTable2024[[#This Row],[Description_i]]), """", LogTable2024[[#This Row],[Description_i]]), LogTable2024[[#This Row],[Description_o]])","=IF( ISBLANK(LogTable2024[[#This Row],[Original Description_o]]), IF(ISBLANK(LogTable2024[[#This Row],[Original Description_i]]), """", LogTable2024[[#This Row],[Original Description_i]]), LogTable2024[[#This Row],[Original Description_o]])","=IF( ISBLANK(LogTable2024[[#This Row],[Category_o]]), IF(ISBLANK(LogTable2024[[#This Row],[Category_i]]), """", LogTable2024[[#This Row],[Category_i]]), LogTable2024[[#This Row],[Category_o]])","=IF( ISBLANK(LogTable2024[[#This Row],[Amount_o]]), IF(ISBLANK(LogTable2024[[#This Row],[Amount_i]]), """", LogTable2024[[#This Row],[Amount_i]]), LogTable2024[[#This Row],[Amount_o]])","=IF( ISBLANK(LogTable2024[[#This Row],[Status_o]]), IF(ISBLANK(LogTable2024[[#This Row],[Status_i]]), """", LogTable2024[[#This Row],[Status_i]]), LogTable2024[[#This Row],[Status_o]])",Food - nice,"=IF( IFNA(MATCH(LogTable2024[[#This Row],[My Category]], $Buckets.$D$4:$D$35, 0), FALSE()), ""."", ""E"")",
1/8/2024,King Soopers,KING SOOPERS #0057       WHEAT RIDGE  CO,Groceries,-30.08,Posted,CC 8366,,,,,,,"=IF( ISBLANK(LogTable2024[[#This Row],[Date_o]]), IF(ISBLANK(LogTable2024[[#This Row],[Date_i]]), """", LogTable2024[[#This Row],[Date_i]]), LogTable2024[[#This Row],[Date_o]])","=IF( ISBLANK(LogTable2024[[#This Row],[Description_o]]), IF(ISBLANK(LogTable2024[[#This Row],[Description_i]]), """", LogTable2024[[#This Row],[Description_i]]), LogTable2024[[#This Row],[Description_o]])","=IF( ISBLANK(LogTable2024[[#This Row],[Original Description_o]]), IF(ISBLANK(LogTable2024[[#This Row],[Original Description_i]]), """", LogTable2024[[#This Row],[Original Description_i]]), LogTable2024[[#This Row],[Original Description_o]])","=IF( ISBLANK(LogTable2024[[#This Row],[Category_o]]), IF(ISBLANK(LogTable2024[[#This Row],[Category_i]]), """", LogTable2024[[#This Row],[Category_i]]), LogTable2024[[#This Row],[Category_o]])","=IF( ISBLANK(LogTable2024[[#This Row],[Amount_o]]), IF(ISBLANK(LogTable2024[[#This Row],[Amount_i]]), """", LogTable2024[[#This Row],[Amount_i]]), LogTable2024[[#This Row],[Amount_o]])","=IF( ISBLANK(LogTable2024[[#This Row],[Status_o]]), IF(ISBLANK(LogTable2024[[#This Row],[Status_i]]), """", LogTable2024[[#This Row],[Status_i]]), LogTable2024[[#This Row],[Status_o]])",Groceries,"=IF( IFNA(MATCH(LogTable2024[[#This Row],[My Category]], $Buckets.$D$4:$D$35, 0), FALSE()), ""."", ""E"")",
1/7/2024,Nature Conservancy,Nature Conservancy       800-6286860  VA,Gifts & Donations,-30,Posted,CC 8366,,,,,,,"=IF( ISBLANK(LogTable2024[[#This Row],[Date_o]]), IF(ISBLANK(LogTable2024[[#This Row],[Date_i]]), """", LogTable2024[[#This Row],[Date_i]]), LogTable2024[[#This Row],[Date_o]])","=IF( ISBLANK(LogTable2024[[#This Row],[Description_o]]), IF(ISBLANK(LogTable2024[[#This Row],[Description_i]]), """", LogTable2024[[#This Row],[Description_i]]), LogTable2024[[#This Row],[Description_o]])","=IF( ISBLANK(LogTable2024[[#This Row],[Original Description_o]]), IF(ISBLANK(LogTable2024[[#This Row],[Original Description_i]]), """", LogTable2024[[#This Row],[Original Description_i]]), LogTable2024[[#This Row],[Original Description_o]])","=IF( ISBLANK(LogTable2024[[#This Row],[Category_o]]), IF(ISBLANK(LogTable2024[[#This Row],[Category_i]]), """", LogTable2024[[#This Row],[Category_i]]), LogTable2024[[#This Row],[Category_o]])","=IF( ISBLANK(LogTable2024[[#This Row],[Amount_o]]), IF(ISBLANK(LogTable2024[[#This Row],[Amount_i]]), """", LogTable2024[[#This Row],[Amount_i]]), LogTable2024[[#This Row],[Amount_o]])","=IF( ISBLANK(LogTable2024[[#This Row],[Status_o]]), IF(ISBLANK(LogTable2024[[#This Row],[Status_i]]), """", LogTable2024[[#This Row],[Status_i]]), LogTable2024[[#This Row],[Status_o]])",Other - other,"=IF( IFNA(MATCH(LogTable2024[[#This Row],[My Category]], $Buckets.$D$4:$D$35, 0), FALSE()), ""."", ""E"")",
1/5/2024,I Hop Ipa,SQ *I HOP IPA            BROOMFIELD   CO,Business Services,-10.65,Posted,CC 8366,,,,,,,"=IF( ISBLANK(LogTable2024[[#This Row],[Date_o]]), IF(ISBLANK(LogTable2024[[#This Row],[Date_i]]), """", LogTable2024[[#This Row],[Date_i]]), LogTable2024[[#This Row],[Date_o]])","=IF( ISBLANK(LogTable2024[[#This Row],[Description_o]]), IF(ISBLANK(LogTable2024[[#This Row],[Description_i]]), """", LogTable2024[[#This Row],[Description_i]]), LogTable2024[[#This Row],[Description_o]])","=IF( ISBLANK(LogTable2024[[#This Row],[Original Description_o]]), IF(ISBLANK(LogTable2024[[#This Row],[Original Description_i]]), """", LogTable2024[[#This Row],[Original Description_i]]), LogTable2024[[#This Row],[Original Description_o]])","=IF( ISBLANK(LogTable2024[[#This Row],[Category_o]]), IF(ISBLANK(LogTable2024[[#This Row],[Category_i]]), """", LogTable2024[[#This Row],[Category_i]]), LogTable2024[[#This Row],[Category_o]])","=IF( ISBLANK(LogTable2024[[#This Row],[Amount_o]]), IF(ISBLANK(LogTable2024[[#This Row],[Amount_i]]), """", LogTable2024[[#This Row],[Amount_i]]), LogTable2024[[#This Row],[Amount_o]])","=IF( ISBLANK(LogTable2024[[#This Row],[Status_o]]), IF(ISBLANK(LogTable2024[[#This Row],[Status_i]]), """", LogTable2024[[#This Row],[Status_i]]), LogTable2024[[#This Row],[Status_o]])",Going out,"=IF( IFNA(MATCH(LogTable2024[[#This Row],[My Category]], $Buckets.$D$4:$D$35, 0), FALSE()), ""."", ""E"")",
1/5/2024,Tokyo Joe's,TOKYO JOES 120TH 006     612-3607277  CO,Fast Food,-12.3,Posted,CC 8366,,,,,,,"=IF( ISBLANK(LogTable2024[[#This Row],[Date_o]]), IF(ISBLANK(LogTable2024[[#This Row],[Date_i]]), """", LogTable2024[[#This Row],[Date_i]]), LogTable2024[[#This Row],[Date_o]])","=IF( ISBLANK(LogTable2024[[#This Row],[Description_o]]), IF(ISBLANK(LogTable2024[[#This Row],[Description_i]]), """", LogTable2024[[#This Row],[Description_i]]), LogTable2024[[#This Row],[Description_o]])","=IF( ISBLANK(LogTable2024[[#This Row],[Original Description_o]]), IF(ISBLANK(LogTable2024[[#This Row],[Original Description_i]]), """", LogTable2024[[#This Row],[Original Description_i]]), LogTable2024[[#This Row],[Original Description_o]])","=IF( ISBLANK(LogTable2024[[#This Row],[Category_o]]), IF(ISBLANK(LogTable2024[[#This Row],[Category_i]]), """", LogTable2024[[#This Row],[Category_i]]), LogTable2024[[#This Row],[Category_o]])","=IF( ISBLANK(LogTable2024[[#This Row],[Amount_o]]), IF(ISBLANK(LogTable2024[[#This Row],[Amount_i]]), """", LogTable2024[[#This Row],[Amount_i]]), LogTable2024[[#This Row],[Amount_o]])","=IF( ISBLANK(LogTable2024[[#This Row],[Status_o]]), IF(ISBLANK(LogTable2024[[#This Row],[Status_i]]), """", LogTable2024[[#This Row],[Status_i]]), LogTable2024[[#This Row],[Status_o]])",Food - nice,"=IF( IFNA(MATCH(LogTable2024[[#This Row],[My Category]], $Buckets.$D$4:$D$35, 0), FALSE()), ""."", ""E"")",
1/5/2024,Walgreens,WALGREENS #6345          DENVER       CO,Pharmacy,-12.52,Posted,CC 8366,,,,,,,"=IF( ISBLANK(LogTable2024[[#This Row],[Date_o]]), IF(ISBLANK(LogTable2024[[#This Row],[Date_i]]), """", LogTable2024[[#This Row],[Date_i]]), LogTable2024[[#This Row],[Date_o]])","=IF( ISBLANK(LogTable2024[[#This Row],[Description_o]]), IF(ISBLANK(LogTable2024[[#This Row],[Description_i]]), """", LogTable2024[[#This Row],[Description_i]]), LogTable2024[[#This Row],[Description_o]])","=IF( ISBLANK(LogTable2024[[#This Row],[Original Description_o]]), IF(ISBLANK(LogTable2024[[#This Row],[Original Description_i]]), """", LogTable2024[[#This Row],[Original Description_i]]), LogTable2024[[#This Row],[Original Description_o]])","=IF( ISBLANK(LogTable2024[[#This Row],[Category_o]]), IF(ISBLANK(LogTable2024[[#This Row],[Category_i]]), """", LogTable2024[[#This Row],[Category_i]]), LogTable2024[[#This Row],[Category_o]])","=IF( ISBLANK(LogTable2024[[#This Row],[Amount_o]]), IF(ISBLANK(LogTable2024[[#This Row],[Amount_i]]), """", LogTable2024[[#This Row],[Amount_i]]), LogTable2024[[#This Row],[Amount_o]])","=IF( ISBLANK(LogTable2024[[#This Row],[Status_o]]), IF(ISBLANK(LogTable2024[[#This Row],[Status_i]]), """", LogTable2024[[#This Row],[Status_i]]), LogTable2024[[#This Row],[Status_o]])",Medical - Other,"=IF( IFNA(MATCH(LogTable2024[[#This Row],[My Category]], $Buckets.$D$4:$D$35, 0), FALSE()), ""."", ""E"")",
1/4/2024,Cornerstoneapart Web,CORNERSTONEAPART WEB PMTS   ***********1WJF,Uncategorized,-1945,Posted,Chk 1121,,,,,,,"=IF( ISBLANK(LogTable2024[[#This Row],[Date_o]]), IF(ISBLANK(LogTable2024[[#This Row],[Date_i]]), """", LogTable2024[[#This Row],[Date_i]]), LogTable2024[[#This Row],[Date_o]])","=IF( ISBLANK(LogTable2024[[#This Row],[Description_o]]), IF(ISBLANK(LogTable2024[[#This Row],[Description_i]]), """", LogTable2024[[#This Row],[Description_i]]), LogTable2024[[#This Row],[Description_o]])","=IF( ISBLANK(LogTable2024[[#This Row],[Original Description_o]]), IF(ISBLANK(LogTable2024[[#This Row],[Original Description_i]]), """", LogTable2024[[#This Row],[Original Description_i]]), LogTable2024[[#This Row],[Original Description_o]])","=IF( ISBLANK(LogTable2024[[#This Row],[Category_o]]), IF(ISBLANK(LogTable2024[[#This Row],[Category_i]]), """", LogTable2024[[#This Row],[Category_i]]), LogTable2024[[#This Row],[Category_o]])","=IF( ISBLANK(LogTable2024[[#This Row],[Amount_o]]), IF(ISBLANK(LogTable2024[[#This Row],[Amount_i]]), """", LogTable2024[[#This Row],[Amount_i]]), LogTable2024[[#This Row],[Amount_o]])","=IF( ISBLANK(LogTable2024[[#This Row],[Status_o]]), IF(ISBLANK(LogTable2024[[#This Row],[Status_i]]), """", LogTable2024[[#This Row],[Status_i]]), LogTable2024[[#This Row],[Status_o]])",Rent,"=IF( IFNA(MATCH(LogTable2024[[#This Row],[My Category]], $Buckets.$D$4:$D$35, 0), FALSE()), ""."", ""E"")",
1/4/2024,T-Mobile,TMOBILE*AUTO PAY         800-937-8997 WA,Mobile Phone,-35,Posted,CC 8366,,,,,,,"=IF( ISBLANK(LogTable2024[[#This Row],[Date_o]]), IF(ISBLANK(LogTable2024[[#This Row],[Date_i]]), """", LogTable2024[[#This Row],[Date_i]]), LogTable2024[[#This Row],[Date_o]])","=IF( ISBLANK(LogTable2024[[#This Row],[Description_o]]), IF(ISBLANK(LogTable2024[[#This Row],[Description_i]]), """", LogTable2024[[#This Row],[Description_i]]), LogTable2024[[#This Row],[Description_o]])","=IF( ISBLANK(LogTable2024[[#This Row],[Original Description_o]]), IF(ISBLANK(LogTable2024[[#This Row],[Original Description_i]]), """", LogTable2024[[#This Row],[Original Description_i]]), LogTable2024[[#This Row],[Original Description_o]])","=IF( ISBLANK(LogTable2024[[#This Row],[Category_o]]), IF(ISBLANK(LogTable2024[[#This Row],[Category_i]]), """", LogTable2024[[#This Row],[Category_i]]), LogTable2024[[#This Row],[Category_o]])","=IF( ISBLANK(LogTable2024[[#This Row],[Amount_o]]), IF(ISBLANK(LogTable2024[[#This Row],[Amount_i]]), """", LogTable2024[[#This Row],[Amount_i]]), LogTable2024[[#This Row],[Amount_o]])","=IF( ISBLANK(LogTable2024[[#This Row],[Status_o]]), IF(ISBLANK(LogTable2024[[#This Row],[Status_i]]), """", LogTable2024[[#This Row],[Status_i]]), LogTable2024[[#This Row],[Status_o]])",Utilities,"=IF( IFNA(MATCH(LogTable2024[[#This Row],[My Category]], $Buckets.$D$4:$D$35, 0), FALSE()), ""."", ""E"")",
1/4/2024,Yardi,YARDI SERVICECHG WEB PMTS   ***********0WJF,Mortgage & Rent,-0.95,Posted,Chk 1121,,,,,,,"=IF( ISBLANK(LogTable2024[[#This Row],[Date_o]]), IF(ISBLANK(LogTable2024[[#This Row],[Date_i]]), """", LogTable2024[[#This Row],[Date_i]]), LogTable2024[[#This Row],[Date_o]])","=IF( ISBLANK(LogTable2024[[#This Row],[Description_o]]), IF(ISBLANK(LogTable2024[[#This Row],[Description_i]]), """", LogTable2024[[#This Row],[Description_i]]), LogTable2024[[#This Row],[Description_o]])","=IF( ISBLANK(LogTable2024[[#This Row],[Original Description_o]]), IF(ISBLANK(LogTable2024[[#This Row],[Original Description_i]]), """", LogTable2024[[#This Row],[Original Description_i]]), LogTable2024[[#This Row],[Original Description_o]])","=IF( ISBLANK(LogTable2024[[#This Row],[Category_o]]), IF(ISBLANK(LogTable2024[[#This Row],[Category_i]]), """", LogTable2024[[#This Row],[Category_i]]), LogTable2024[[#This Row],[Category_o]])","=IF( ISBLANK(LogTable2024[[#This Row],[Amount_o]]), IF(ISBLANK(LogTable2024[[#This Row],[Amount_i]]), """", LogTable2024[[#This Row],[Amount_i]]), LogTable2024[[#This Row],[Amount_o]])","=IF( ISBLANK(LogTable2024[[#This Row],[Status_o]]), IF(ISBLANK(LogTable2024[[#This Row],[Status_i]]), """", LogTable2024[[#This Row],[Status_i]]), LogTable2024[[#This Row],[Status_o]])",Rent,"=IF( IFNA(MATCH(LogTable2024[[#This Row],[My Category]], $Buckets.$D$4:$D$35, 0), FALSE()), ""."", ""E"")",
1/3/2024,Honda Financial,HONDA PMT        8004489307 ***********LE9E,Auto Payment,-320,Posted,Chk 1121,,,,,,,"=IF( ISBLANK(LogTable2024[[#This Row],[Date_o]]), IF(ISBLANK(LogTable2024[[#This Row],[Date_i]]), """", LogTable2024[[#This Row],[Date_i]]), LogTable2024[[#This Row],[Date_o]])","=IF( ISBLANK(LogTable2024[[#This Row],[Description_o]]), IF(ISBLANK(LogTable2024[[#This Row],[Description_i]]), """", LogTable2024[[#This Row],[Description_i]]), LogTable2024[[#This Row],[Description_o]])","=IF( ISBLANK(LogTable2024[[#This Row],[Original Description_o]]), IF(ISBLANK(LogTable2024[[#This Row],[Original Description_i]]), """", LogTable2024[[#This Row],[Original Description_i]]), LogTable2024[[#This Row],[Original Description_o]])","=IF( ISBLANK(LogTable2024[[#This Row],[Category_o]]), IF(ISBLANK(LogTable2024[[#This Row],[Category_i]]), """", LogTable2024[[#This Row],[Category_i]]), LogTable2024[[#This Row],[Category_o]])","=IF( ISBLANK(LogTable2024[[#This Row],[Amount_o]]), IF(ISBLANK(LogTable2024[[#This Row],[Amount_i]]), """", LogTable2024[[#This Row],[Amount_i]]), LogTable2024[[#This Row],[Amount_o]])","=IF( ISBLANK(LogTable2024[[#This Row],[Status_o]]), IF(ISBLANK(LogTable2024[[#This Row],[Status_i]]), """", LogTable2024[[#This Row],[Status_i]]), LogTable2024[[#This Row],[Status_o]])",Car - note,"=IF( IFNA(MATCH(LogTable2024[[#This Row],[My Category]], $Buckets.$D$4:$D$35, 0), FALSE()), ""."", ""E"")",
1/3/2024,Qdoba,QDOBA 2063               WESTMINSTER  CA,Fast Food,-13.35,Posted,CC 8366,,,,,,,"=IF( ISBLANK(LogTable2024[[#This Row],[Date_o]]), IF(ISBLANK(LogTable2024[[#This Row],[Date_i]]), """", LogTable2024[[#This Row],[Date_i]]), LogTable2024[[#This Row],[Date_o]])","=IF( ISBLANK(LogTable2024[[#This Row],[Description_o]]), IF(ISBLANK(LogTable2024[[#This Row],[Description_i]]), """", LogTable2024[[#This Row],[Description_i]]), LogTable2024[[#This Row],[Description_o]])","=IF( ISBLANK(LogTable2024[[#This Row],[Original Description_o]]), IF(ISBLANK(LogTable2024[[#This Row],[Original Description_i]]), """", LogTable2024[[#This Row],[Original Description_i]]), LogTable2024[[#This Row],[Original Description_o]])","=IF( ISBLANK(LogTable2024[[#This Row],[Category_o]]), IF(ISBLANK(LogTable2024[[#This Row],[Category_i]]), """", LogTable2024[[#This Row],[Category_i]]), LogTable2024[[#This Row],[Category_o]])","=IF( ISBLANK(LogTable2024[[#This Row],[Amount_o]]), IF(ISBLANK(LogTable2024[[#This Row],[Amount_i]]), """", LogTable2024[[#This Row],[Amount_i]]), LogTable2024[[#This Row],[Amount_o]])","=IF( ISBLANK(LogTable2024[[#This Row],[Status_o]]), IF(ISBLANK(LogTable2024[[#This Row],[Status_i]]), """", LogTable2024[[#This Row],[Status_i]]), LogTable2024[[#This Row],[Status_o]])",Food - nice,"=IF( IFNA(MATCH(LogTable2024[[#This Row],[My Category]], $Buckets.$D$4:$D$35, 0), FALSE()), ""."", ""E"")",
1/2/2024,Cornerstoneapart Web,CORNERSTONEAPART WEB PMTS   ***********Q9HF,Uncategorized,-99.91,Posted,Chk 1121,,,,,,,"=IF( ISBLANK(LogTable2024[[#This Row],[Date_o]]), IF(ISBLANK(LogTable2024[[#This Row],[Date_i]]), """", LogTable2024[[#This Row],[Date_i]]), LogTable2024[[#This Row],[Date_o]])","=IF( ISBLANK(LogTable2024[[#This Row],[Description_o]]), IF(ISBLANK(LogTable2024[[#This Row],[Description_i]]), """", LogTable2024[[#This Row],[Description_i]]), LogTable2024[[#This Row],[Description_o]])","=IF( ISBLANK(LogTable2024[[#This Row],[Original Description_o]]), IF(ISBLANK(LogTable2024[[#This Row],[Original Description_i]]), """", LogTable2024[[#This Row],[Original Description_i]]), LogTable2024[[#This Row],[Original Description_o]])","=IF( ISBLANK(LogTable2024[[#This Row],[Category_o]]), IF(ISBLANK(LogTable2024[[#This Row],[Category_i]]), """", LogTable2024[[#This Row],[Category_i]]), LogTable2024[[#This Row],[Category_o]])","=IF( ISBLANK(LogTable2024[[#This Row],[Amount_o]]), IF(ISBLANK(LogTable2024[[#This Row],[Amount_i]]), """", LogTable2024[[#This Row],[Amount_i]]), LogTable2024[[#This Row],[Amount_o]])","=IF( ISBLANK(LogTable2024[[#This Row],[Status_o]]), IF(ISBLANK(LogTable2024[[#This Row],[Status_i]]), """", LogTable2024[[#This Row],[Status_i]]), LogTable2024[[#This Row],[Status_o]])",Rent,"=IF( IFNA(MATCH(LogTable2024[[#This Row],[My Category]], $Buckets.$D$4:$D$35, 0), FALSE()), ""."", ""E"")",
1/2/2024,King Soopers,KING SOOPERS #0057       WHEAT RIDGE  CO,Groceries,-80.03,Posted,CC 8366,,,,,,,"=IF( ISBLANK(LogTable2024[[#This Row],[Date_o]]), IF(ISBLANK(LogTable2024[[#This Row],[Date_i]]), """", LogTable2024[[#This Row],[Date_i]]), LogTable2024[[#This Row],[Date_o]])","=IF( ISBLANK(LogTable2024[[#This Row],[Description_o]]), IF(ISBLANK(LogTable2024[[#This Row],[Description_i]]), """", LogTable2024[[#This Row],[Description_i]]), LogTable2024[[#This Row],[Description_o]])","=IF( ISBLANK(LogTable2024[[#This Row],[Original Description_o]]), IF(ISBLANK(LogTable2024[[#This Row],[Original Description_i]]), """", LogTable2024[[#This Row],[Original Description_i]]), LogTable2024[[#This Row],[Original Description_o]])","=IF( ISBLANK(LogTable2024[[#This Row],[Category_o]]), IF(ISBLANK(LogTable2024[[#This Row],[Category_i]]), """", LogTable2024[[#This Row],[Category_i]]), LogTable2024[[#This Row],[Category_o]])","=IF( ISBLANK(LogTable2024[[#This Row],[Amount_o]]), IF(ISBLANK(LogTable2024[[#This Row],[Amount_i]]), """", LogTable2024[[#This Row],[Amount_i]]), LogTable2024[[#This Row],[Amount_o]])","=IF( ISBLANK(LogTable2024[[#This Row],[Status_o]]), IF(ISBLANK(LogTable2024[[#This Row],[Status_i]]), """", LogTable2024[[#This Row],[Status_i]]), LogTable2024[[#This Row],[Status_o]])",Groceries,"=IF( IFNA(MATCH(LogTable2024[[#This Row],[My Category]], $Buckets.$D$4:$D$35, 0), FALSE()), ""."", ""E"")",
1/2/2024,USAA Credit Card,USAA CREDIT CARD PAYMENT,Credit Card Payment,-823.79,Posted,Chk 1121,,,,,,,"=IF( ISBLANK(LogTable2024[[#This Row],[Date_o]]), IF(ISBLANK(LogTable2024[[#This Row],[Date_i]]), """", LogTable2024[[#This Row],[Date_i]]), LogTable2024[[#This Row],[Date_o]])","=IF( ISBLANK(LogTable2024[[#This Row],[Description_o]]), IF(ISBLANK(LogTable2024[[#This Row],[Description_i]]), """", LogTable2024[[#This Row],[Description_i]]), LogTable2024[[#This Row],[Description_o]])","=IF( ISBLANK(LogTable2024[[#This Row],[Original Description_o]]), IF(ISBLANK(LogTable2024[[#This Row],[Original Description_i]]), """", LogTable2024[[#This Row],[Original Description_i]]), LogTable2024[[#This Row],[Original Description_o]])","=IF( ISBLANK(LogTable2024[[#This Row],[Category_o]]), IF(ISBLANK(LogTable2024[[#This Row],[Category_i]]), """", LogTable2024[[#This Row],[Category_i]]), LogTable2024[[#This Row],[Category_o]])","=IF( ISBLANK(LogTable2024[[#This Row],[Amount_o]]), IF(ISBLANK(LogTable2024[[#This Row],[Amount_i]]), """", LogTable2024[[#This Row],[Amount_i]]), LogTable2024[[#This Row],[Amount_o]])","=IF( ISBLANK(LogTable2024[[#This Row],[Status_o]]), IF(ISBLANK(LogTable2024[[#This Row],[Status_i]]), """", LogTable2024[[#This Row],[Status_i]]), LogTable2024[[#This Row],[Status_o]])",CC Payments,"=IF( IFNA(MATCH(LogTable2024[[#This Row],[My Category]], $Buckets.$D$4:$D$35, 0), FALSE()), ""."", ""E"")",
1/2/2024,Yardi,YARDI SERVICECHG WEB PMTS   ***********M9HF,Mortgage & Rent,-0.95,Posted,Chk 1121,,,,,,,"=IF( ISBLANK(LogTable2024[[#This Row],[Date_o]]), IF(ISBLANK(LogTable2024[[#This Row],[Date_i]]), """", LogTable2024[[#This Row],[Date_i]]), LogTable2024[[#This Row],[Date_o]])","=IF( ISBLANK(LogTable2024[[#This Row],[Description_o]]), IF(ISBLANK(LogTable2024[[#This Row],[Description_i]]), """", LogTable2024[[#This Row],[Description_i]]), LogTable2024[[#This Row],[Description_o]])","=IF( ISBLANK(LogTable2024[[#This Row],[Original Description_o]]), IF(ISBLANK(LogTable2024[[#This Row],[Original Description_i]]), """", LogTable2024[[#This Row],[Original Description_i]]), LogTable2024[[#This Row],[Original Description_o]])","=IF( ISBLANK(LogTable2024[[#This Row],[Category_o]]), IF(ISBLANK(LogTable2024[[#This Row],[Category_i]]), """", LogTable2024[[#This Row],[Category_i]]), LogTable2024[[#This Row],[Category_o]])","=IF( ISBLANK(LogTable2024[[#This Row],[Amount_o]]), IF(ISBLANK(LogTable2024[[#This Row],[Amount_i]]), """", LogTable2024[[#This Row],[Amount_i]]), LogTable2024[[#This Row],[Amount_o]])","=IF( ISBLANK(LogTable2024[[#This Row],[Status_o]]), IF(ISBLANK(LogTable2024[[#This Row],[Status_i]]), """", LogTable2024[[#This Row],[Status_i]]), LogTable2024[[#This Row],[Status_o]])",Rent,"=IF( IFNA(MATCH(LogTable2024[[#This Row],[My Category]], $Buckets.$D$4:$D$35, 0), FALSE()), ""."", ""E"")",
12/30/2023,USAA Credit Card,USAA CREDIT CARD PAYMENT SAN ANTONIO  TX,Transfer,823.79,Posted,CC 8366,1/2/2024,,,,,,"=IF( ISBLANK(LogTable2024[[#This Row],[Date_o]]), IF(ISBLANK(LogTable2024[[#This Row],[Date_i]]), """", LogTable2024[[#This Row],[Date_i]]), LogTable2024[[#This Row],[Date_o]])","=IF( ISBLANK(LogTable2024[[#This Row],[Description_o]]), IF(ISBLANK(LogTable2024[[#This Row],[Description_i]]), """", LogTable2024[[#This Row],[Description_i]]), LogTable2024[[#This Row],[Description_o]])","=IF( ISBLANK(LogTable2024[[#This Row],[Original Description_o]]), IF(ISBLANK(LogTable2024[[#This Row],[Original Description_i]]), """", LogTable2024[[#This Row],[Original Description_i]]), LogTable2024[[#This Row],[Original Description_o]])","=IF( ISBLANK(LogTable2024[[#This Row],[Category_o]]), IF(ISBLANK(LogTable2024[[#This Row],[Category_i]]), """", LogTable2024[[#This Row],[Category_i]]), LogTable2024[[#This Row],[Category_o]])","=IF( ISBLANK(LogTable2024[[#This Row],[Amount_o]]), IF(ISBLANK(LogTable2024[[#This Row],[Amount_i]]), """", LogTable2024[[#This Row],[Amount_i]]), LogTable2024[[#This Row],[Amount_o]])","=IF( ISBLANK(LogTable2024[[#This Row],[Status_o]]), IF(ISBLANK(LogTable2024[[#This Row],[Status_i]]), """", LogTable2024[[#This Row],[Status_i]]), LogTable2024[[#This Row],[Status_o]])",CC Payments,"=IF( IFNA(MATCH(LogTable2024[[#This Row],[My Category]], $Buckets.$D$4:$D$35, 0), FALSE()), ""."", ""E"")",Date-shifted to match withdrawal
