Date,Description,Original Description,Category,Amount,Status,My Category,E,Comment
9/1/2023,Dissentpins,PAYPAL *DISSENTPINS      402-935-7733 VT,Shopping,-53.84,Posted,Other - Other,.,Pins for Abby
9/3/2023,Safeway,SAFEWAY #2911            BOULDER      CO,Groceries,-28.6,Posted,Groceries,.,
9/4/2023,T-Mobile,TMOBILE*AUTO PAY         800-937-8997 WA,Mobile Phone,-35,Posted,Utilities,.,
9/5/2023,Jimmy John's,JIMMY JOHNS 2673         NORTH GLENN  CO,Fast Food,-12.33,Posted,Food - Nice,.,
9/5/2023,Honda Financial,HONDA PMT        8004489307 ***********FW8E,Auto Payment,-320,Posted,Car - Note,.,
9/6/2023,Taziki's,SQ *TAZIKIS MEDITERRANEANWestminster  CO,Restaurants,-13.18,Posted,Food - Nice,.,
9/7/2023,Insperity,"ASF, DBA Insperi PAYROLL    ***********5626",Paycheck,300.22,Posted,Salary,.,Bonus?
9/8/2023,Qdoba,QDOBA 2030               BOULDER      CA,Fast Food,-12.22,Posted,Food - Nice,.,
9/8/2023,Safeway,SAFEWAY #2911            BOULDER      CO,Groceries,-76.06,Posted,Groceries,.,
9/8/2023,Insperity,"ASF, DBA Insperi PAYROLL    ***********5626",Paycheck,3275,Posted,Salary,.,Bonus?
9/10/2023,Mcguckin Hardware,MCGUCKIN HARDWARE        BOULDER      CO,Home Improvement,-16.88,Posted,Housing - Other,.,
9/10/2023,Walgreens,WALGREENS #12683         BOULDER      CO,Pharmacy,-51.19,Posted,Housing - Other,.,
9/11/2023,Check #1100,CHECK # 0000001100,Check,-1850,Posted,Rent,.,Bluff St
9/11/2023,Spotify,PAYPAL           INST XFER  ***********USAI,Music,-11.9,Posted,Entertainment - Other,.,Spotify
9/12/2023,Mugi Ramen and Poke,MUGI RAMEN AND POKE      WESTMINSTER  CO,Food & Dining,-16.17,Posted,Food - Nice,.,
9/12/2023,Walgreens,WALGREENS #12683         BOULDER      CO,Pharmacy,-4.77,Posted,Housing - Other,.,
9/12/2023,127311211,AUTOMATIC PAYMENT - THANK YOU,Uncategorized,647.51,Posted,CC Payments,.,
9/12/2023,USAA Property and Casualty Insurance,USAA P&C         AUTOPAY    ***********4530,Financial,-145.84,Posted,Car/Rental Insurance,.,
9/13/2023,Tokyo Joe's,TOKYO JOES 120TH 006     612-3607277  CO,Fast Food,-12.86,Posted,Food - Nice,.,
9/13/2023,Safeway,SAFEWAY #2911            BOULDER      CO,Groceries,-33.19,Posted,Groceries,.,
9/13/2023,USAA Credit Card,USAA CREDIT CARD PAYMENT    ***********0051,Credit Card Payment,-647.51,Posted,CC Payments,.,
9/14/2023,Recurring Reward Points Redemption,RECURRING REWARD POINTS REDEMPTION,Credit Card Payment,25,Posted,Income - Other,.,
9/14/2023,Mobile Deposit,DEPOSIT@MOBILE,Income,5000,Posted,Parental Funds,.,Alan loan
9/16/2023,Circle K,CIRCLE K # 41110         BOULDER      CO,Gas,-43.81,Posted,Car - Other,.,
9/16/2023,Patreon,PAYPAL *PATREON INC  MEMB402-935-7733 CA,Entertainment,-2,Posted,Entertainment - Other,.,
9/18/2023,Ysi Tennyson Place,YSI*Tennyson Place       303-3331999  CO,Mortgage & Rent,-215,Posted,Rent,.,Probably pro-rated rent?
9/18/2023,Cava Boulder,10106 CAVA BOULDER       BOULDER      CO,Restaurants,-12.18,Posted,Food - Nice,.,
9/18/2023,Safeway,SAFEWAY #2911            BOULDER      CO,Groceries,-71.59,Posted,Groceries,.,
9/18/2023,Steam,PAYPAL *STEAM GAMES      4259522985   WA,Entertainment,-10.81,Posted,Games,.,
9/18/2023,Target,TARGET        00000646   BOULDER      CO,Shopping,-38.17,Posted,Housing - Other,.,
9/18/2023,Xcel Energy,XCEL ENERGY-PSCO XCELENERGY ***********6821,Utilities,-41.98,Posted,Utilities,.,
9/19/2023,Chick-fil-A,CHICK-FIL-A #01291       THORNTON     CO,Fast Food,-0.41,Posted,Food - Nice,.,
9/19/2023,Comcast,COMCAST 8497101  004180591  ***********8801,Utilities,-60.74,Posted,Internet,.,
9/20/2023,The Home Depot,THE HOME DEPOT #1546     BOULDER      CO,Home Improvement,-48.94,Posted,Housing - Other,.,
9/20/2023,Steam,PAYPAL *STEAM GAMES      4259522985   WA,Entertainment,-50,Posted,Other - Other,.,Hank gift
9/21/2023,Walgreens,WALGREENS #12683         BOULDER      CO,Pharmacy,-10.89,Posted,Housing - Other,.,
9/22/2023,Account Verification Deposit from Yardi,Yardi Penny Test ACCTVERIFY ***********PTVD,Transfer,0.12,Posted,Housing - Other,.,
9/23/2023,Mcguckin Hardware,MCGUCKIN HARDWARE        BOULDER      CO,Home Improvement,-135,Posted,Housing - Other,.,
9/23/2023,U-Haul,U-HAUL-CTR-BOULDER #72227BOULDER      CO,Home Services,-40.79,Posted,Housing - Other,.,Bluff St move-out
9/25/2023,American Airlines,AMERICAN AIR0018038297094FORT WORTH   TX,Air Travel,-557.8,Posted,Big Fun,.,Wedding trip
9/25/2023,Cornerstoneapart Web,CORNERSTONEAPART WEB PMTS   ***********1ZVD,Uncategorized,-800,Posted,Rent,.,
9/25/2023,Cornerstoneapart Web,CORNERSTONEAPART WEB PMTS   ***********1ZVD,Uncategorized,-518.67,Posted,Rent,.,
9/25/2023,Yardi,YARDI SERVICECHG WEB PMTS   ***********1ZVD,Mortgage & Rent,-0.95,Posted,Housing - Other,.,
9/26/2023,Marriott Hotel,EI*VBMarriott            844-762-0085 WA,Hotel,-701.18,Posted,Big Fun,.,Wedding trip
9/26/2023,Interest Paid,INTEREST PAID,Interest Income,0.05,Posted,Income - Other,.,
9/27/2023,Mcguckin Hardware,MCGUCKIN HARDWARE        BOULDER      CO,Home Improvement,-34.87,Posted,Housing - Other,.,
9/27/2023,Aaron George,IN *AARON GEORGE         719-6801538  CO,Shipping,-370,Posted,Housing - Other,.,Bluff St move-out
9/27/2023,Buckets Cleaning,SQ *2 BUCKETS CLEANING   gosq.com     CO,Home,-156.25,Posted,Housing - Other,.,Bluff St move-out
9/27/2023,Chipotle,CHIPOTLE 0894            BOULDER      CO,Fast Food,-7,Posted,Food - Nice,.,
9/27/2023,US Postal Service,USPS CHANGE OF ADDRESS   800-238-3150 TN,Shipping,-1.1,Posted,Housing - Other,.,
9/28/2023,Mugi Ramen and Poke,MUGI RAMEN AND POKE      WESTMINSTER  CO,Food & Dining,-16.17,Posted,Food - Nice,.,
9/28/2023,Conoco,CONOCO - SEI 25325       WESTMINSTER  CO,Gas,-37.16,Posted,Car - Other,.,
9/28/2023,Insperity,"ASF, DBA Insperi PAYROLL    ***********5626",Paycheck,5579.1,Posted,Salary,.,
9/29/2023,Buckets Cleaning,SQ *2 BUCKETS CLEANING   gosq.com     CO,Home,-176.25,Posted,Housing - Other,.,Bluff St move-out
9/29/2023,Mad Greens,MAD GREENS MG0115        WESTMINSTER  CO,Restaurants,-14.09,Posted,Food - Nice,.,
9/30/2023,Recurring Reward Points Redemption,RECURRING REWARD POINTS REDEMPTION,Transfer,25,Posted,Income - Other,.,
10/1/2023,Denver Cat Company,SQ *DENVER CAT COMPANY   Denver       CO,Groceries,-13,Posted,Going Out,.,Cat cafe
10/1/2023,Post Oak Bbq,TST* POST OAK BBQ        DENVER       CO,Restaurants,-33.81,Posted,Food - Nice,.,
10/2/2023,High Point Creamery,SQ *HIGH POINT CREAMERY  Denver       CO,Fast Food,-7.08,Posted,Food - Nice,.,
10/2/2023,The Pasty Republic,SQ *THE PASTY REPUBLIC   Denver       CO,Fast Food,-19.43,Posted,Food - Nice,.,
10/2/2023,Pear Ring,PAYPAL *PEAR RING        35314369001  GB,Clothing,-25,Posted,Dates,.,
10/2/2023,Bakery Four,TST* BAKERY FOUR         DENVER       CO,Food & Dining,-12.28,Posted,Food - Nice,.,
10/3/2023,Arby's,ARBY'S 5009023           NORTHGLENN   CO,Fast Food,-12.39,Posted,Food - Nice,.,
10/3/2023,Cornerstoneapart Web Zfyd,CORNERSTONEAPART WEB PMTS   ***********ZFYD,Uncategorized,-1945,Posted,Rent,.,
10/3/2023,Honda Financial,HONDA PMT        8004489307 ***********JESA,Auto Payment,-320,Posted,Car - Note,.,
10/3/2023,Yardi,YARDI SERVICECHG WEB PMTS   ***********VDYD,Mortgage & Rent,-0.95,Posted,Housing - Other,.,
10/4/2023,T-Mobile,TMOBILE*AUTO PAY         800-937-8997 WA,Mobile Phone,-35,Posted,Utilities,.,
10/4/2023,King Soopers,KING SOOPERS #0057       WHEAT RIDGE  CO,Groceries,-70.27,Posted,Groceries,.,
10/4/2023,Lucy's Burger Bar,TST* LUCY'S BURGER BAR   DENVER       CO,Food & Dining,-21.38,Posted,Food - Nice,.,
10/5/2023,Babajoon's Kabobs & More,BABAJOON`S KABOBS & MORE WESTMINSTER  CO,Restaurants,-27.84,Posted,Food - Nice,.,
10/6/2023,Kindle,Kindle Svcs*TE3DF3LB0    888-802-3080 WA,Books,-16.23,Posted,Books,.,
10/6/2023,Sky Market Center,SKY MARKET CENTER C      303-3429000  CO,Shopping,-9.25,Posted,Medical - Other,.,Dramamine
10/6/2023,SEPTA,SEPTA FARE MACHINE       2155618231   PA,Public Transportation,-6.75,Posted,Big Fun,.,Wedding trip
10/6/2023,Tide Cleaners,Tide Cleaners            Denver       CO,Laundry,-19.48,Posted,Clothes/Personal care,.,Suit cleaning
10/7/2023,Nature Conservancy,Nature Conservancy       800-6286860  VA,Gifts & Donations,-30,Posted,Other - Other,.,
10/7/2023,Lyft,PAYPAL *LYFT RIDE SAT 3PM402-935-7733 CA,Rental Car & Taxi,-10.81,Posted,Big Fun,.,Wedding trip
10/7/2023,Macy's,MACYS  CENTER CITY       PHILADELPHIA PA,Clothing,-30,Posted,Clothes/Personal care,.,Belt
10/7/2023,SEPTA,SEPTA FARE MACHINE       2155618231   PA,Public Transportation,-5,Posted,Big Fun,.,Wedding trip
10/7/2023,Wawa,WAWA 55                  PHILADELPHIA PA,Fast Food,-17.75,Posted,Food - Nice,.,
10/8/2023,Lyft,PAYPAL *LYFT RIDE SUN 2PM402-935-7733 CA,Rental Car & Taxi,-10.44,Posted,Big Fun,.,Wedding trip
10/8/2023,SEPTA,SEPTA FARE MACHINE       2155618231   PA,Public Transportation,-6.75,Posted,Big Fun,.,Wedding trip
10/8/2023,Auntie Anne's,AUNTIE ANNES PA194       PHILADELPHIA PA,Fast Food,-9.51,Posted,Food - Nice,.,
10/8/2023,Drexel Umain Bkstore,DREXEL-UMAIN-BKSTORE#4570PHILADELPHIA PA,Books,-11.03,Posted,Other - Other,.,Drexel swag
10/9/2023,Parcel Pending,PARCEL PENDING           855-977-1676 CA,Business Services,-20,Posted,Housing - Other,.,
10/9/2023,The Pasty Republic,SQ *THE PASTY REPUBLIC   Denver       CO,Fast Food,-23.74,Posted,Food - Nice,.,
10/9/2023,Den Public Parking,DEN PUBLIC PARKING       DENVER       CO,Parking,-90,Posted,Big Fun,.,Wedding trip
10/10/2023,Cosmos Pizza,COSMOS PIZZA - DENVER CO DENVER       CO,Food & Dining,-30.05,Posted,Food - Nice,.,
10/10/2023,Spotify,PAYPAL           INST XFER  ***********USAI,Music,-11.9,Posted,Entertainment - Other,.,Spotify
10/10/2023,Bank Chestnut,TD BANK3250 CHESTNUT ST  PHILADELPHIA PA,Cash,-103.5,Posted,ATM,.,
10/10/2023,ATM Fee Rebate,ATM REBATE,Atm Fee,3.5,Posted,ATM,.,
10/11/2023,King Soopers,KING SOOPERS #0057       WHEAT RIDGE  CO,Groceries,-67.51,Posted,Groceries,.,
10/11/2023,USAA Property and Casualty Insurance,USAA P&C         AUTOPAY    ***********4530,Financial,-136.07,Posted,Car/Rental Insurance,.,
10/12/2023,Qdoba,QDOBA 2063               WESTMINSTER  CA,Fast Food,-12.16,Posted,Food - Nice,.,
10/12/2023,127311211,AUTOMATIC PAYMENT - THANK YOU,Uncategorized,612.26,Posted,CC Payments,.,
10/12/2023,Recurring Reward Points Redemption,RECURRING REWARD POINTS REDEMPTION,Transfer,25,Posted,Income - Other,.,
10/13/2023,USAA Credit Card,USAA CREDIT CARD PAYMENT    ***********0051,Credit Card Payment,-612.26,Posted,CC Payments,.,
10/14/2023,Lucy's Burger Bar,TST* LUCY'S BURGER BAR   612-202-3545 CO,Food & Dining,-19.64,Posted,Food - Nice,.,
10/14/2023,USAA Credit Card,USAA CREDIT CARD PAYMENT SAN ANTONIO  TX,Transfer,2500,Posted,CC Payments,.,
10/15/2023,Stoners Pizza Joint,TST* Stoners Pizza Joint 720-667-2934 CO,Food & Dining,-48.12,Posted,Going Out,.,D and D supplies
10/16/2023,Patreon,PAYPAL *PATREON INC  MEMB402-935-7733 CA,Entertainment,-2,Posted,Entertainment - Other,.,
10/16/2023,Barquentine Brewing Com,BARQUENTINE BREWING COM  DENVER       CO,Alcohol & Bars,-9.12,Posted,Going Out,.,Besties board games
10/16/2023,USAA Credit Card,USAA CREDIT CARD PAYMENT,Credit Card Payment,-2500,Posted,CC Payments,.,
10/16/2023,USAA Transfer,USAA FUNDS TRANSFER DB,Transfer,-1000,Posted,Parental Funds,.,Repay Jill loan
10/17/2023,The Mac Shack,TST* THE MAC SHACK       EDGEWATER    CO,Restaurants,-16.3,Posted,Food - Nice,.,
10/17/2023,Xcel Energy,XCEL ENERGY-PSCO XCELENERGY ***********6821,Utilities,-12.4,Posted,Utilities,.,
10/19/2023,Mugi Ramen and Poke,MUGI RAMEN AND POKE      WESTMINSTER  CO,Food & Dining,-16.17,Posted,Food - Nice,.,
10/19/2023,Kum & Go,KUM&GO 2315R ARVADA      ARVADA       CO,Gas,-38.26,Posted,Car - Other,.,
10/19/2023,Mad Greens,MAD GREENS MG0115        WESTMINSTER  CO,Restaurants,-12.11,Posted,Food - Nice,.,
10/19/2023,Comcast,COMCAST 8497101  004180591  ***********5806,Utilities,-60.74,Posted,Internet,.,
10/19/2023,Xcel Energy,XCEL ENERGY-PSCO XCELENERGY ***********6821,Utilities,-12.3,Posted,Utilities,.,
10/22/2023,Post Oak Bbq,TST* POST OAK BBQ        DENVER       CO,Restaurants,-38.88,Posted,Food - Nice,.,
10/23/2023,Childhelp Backpack,CHILDHELP* BACKPACK DR   HTTPSWWW.BRANAZ,Business Services,-21.6,Posted,Other - Other,.,
10/23/2023,Xcel Energy,XCEL ENERGY-PSCO XCELENERGY ***********6821,Utilities,-36.15,Posted,Utilities,.,
10/24/2023,Taziki's,SQ *TAZIKIS MEDITERRANEANWestminster  CO,Restaurants,-13.18,Posted,Food - Nice,.,
10/24/2023,Walgreens,WALGREENS #5644          NORTHGLENN   CO,Pharmacy,-14.43,Posted,Housing - Other,.,
10/24/2023,Lucy's Burger Bar,TST* LUCY'S BURGER BAR   612-202-3545 CO,Food & Dining,-25.99,Posted,Food - Nice,.,
10/25/2023,Spirit Halloween,SPIRIT HALLOWEEN 60468   NORTHGLENN   CO,Shopping,-80,Posted,Big Fun,.,Halloween
10/25/2023,Disguises,DISGUISES                LAKEWOOD     CO,Clothing,-75.59,Posted,Big Fun,.,Halloween
10/26/2023,Chipotle,CHIPOTLE 0066            AURORA       CO,Fast Food,-14.85,Posted,Food - Nice,.,
10/26/2023,Interest Paid,INTEREST PAID,Interest Income,0.08,Posted,Income - Other,.,
10/27/2023,I Hop Ipa,SQ *I HOP IPA            BROOMFIELD   CO,Business Services,-11.65,Posted,Going Out,.,After work drinks
10/27/2023,Lyft,PAYPAL *LYFT TEMP AUTH HO402-935-7733 CA,Rental Car & Taxi,-19.99,Posted,Big Fun,.,Halloween
10/27/2023,Lucy's Burger Bar,TST* LUCY'S BURGER BAR   612-202-3545 CO,Food & Dining,-26.6,Posted,Food - Nice,.,
10/27/2023,Babajoon's Kabobs & More,BABAJOON`S KABOBS & MORE WESTMINSTER  CO,Restaurants,-28.46,Posted,Food - Nice,.,
10/27/2023,Xcel Energy,XCEL ENERGY-PSCO XCELENERGY ***********6821,Utilities,-5.22,Posted,Utilities,.,
10/28/2023,Lyft,PAYPAL *LYFT TEMP AUTH HO402-935-7733 CA,Rental Car & Taxi,-29.17,Posted,Big Fun,.,Halloween
10/28/2023,Steam,PAYPAL *STEAM GAMES      4259522985   WA,Entertainment,-16.23,Posted,Games,.,
10/30/2023,The Pasty Republic,SQ *THE PASTY REPUBLIC   Denver       CO,Fast Food,-11.87,Posted,Food - Nice,.,
10/30/2023,Safeway,SAFEWAY #0244            DENVER       CO,Groceries,-81.15,Posted,Groceries,.,
10/30/2023,Insperity,"ASF, DBA Insperi PAYROLL    ***********5626",Paycheck,5578.98,Posted,Salary,.,
10/31/2023,USAA Credit Card,USAA CREDIT CARD PAYMENT SAN ANTONIO  TX,Transfer,1471.7,Posted,CC Payments,.,
10/31/2023,USAA Credit Card,USAA CREDIT CARD PAYMENT,Credit Card Payment,-1471.7,Posted,CC Payments,.,
11/1/2023,Post Oak Bbq,TST* POST OAK BBQ        DENVER       CO,Restaurants,-23.23,Posted,Food - Nice,.,
11/2/2023,Cornerstoneapart Web,CORNERSTONEAPART WEB PMTS   ***********NS3F,Uncategorized,-2000,Posted,Rent,.,
11/2/2023,Honda Financial,HONDA PMT        8004489307 ***********2WOG,Auto Payment,-320,Posted,Car - Note,.,
11/2/2023,Yardi,YARDI SERVICECHG WEB PMTS   ***********FR3F,Mortgage & Rent,-0.95,Posted,Housing - Other,.,
11/3/2023,Mugi Ramen and Poke,MUGI RAMEN AND POKE      WESTMINSTER  CO,Food & Dining,-16.17,Posted,Food - Nice,.,
11/3/2023,Cornerstoneapart Web,CORNERSTONEAPART WEB PMTS   ***********PS4F,Uncategorized,-17.85,Posted,Rent,.,
11/3/2023,Yardi,YARDI SERVICECHG WEB PMTS   ***********GS4F,Mortgage & Rent,-0.95,Posted,Housing - Other,.,
11/4/2023,T-Mobile,TMOBILE*AUTO PAY         800-937-8997 WA,Mobile Phone,-43.63,Posted,Utilities,.,
11/5/2023,King Soopers,KING SOOPERS #0057       WHEAT RIDGE  CO,Groceries,-95.69,Posted,Groceries,.,
11/6/2023,Jersey Mike's Subs,JERSEY MIKES 22003       WESTMINSTER  CO,Fast Food,-9.12,Posted,Food - Nice,.,
11/6/2023,Boulderswing,BOULDERSWING             BOULDERSWINGDCO,Entertainment,-50,Posted,Self-improvement,.,Swing class
11/6/2023,Conoco,CONOCO - SEI 25325       WESTMINSTER  CO,Gas,-32.83,Posted,Car - Other,.,
11/7/2023,Nature Conservancy,Nature Conservancy       800-6286860  VA,Gifts & Donations,-30,Posted,Other - Other,.,
11/7/2023,Advs Ed Serv Web Studntloan,ADVS ED SERV WEB STUDNTLOAN ***********GSL1,Student Loan,-1424.58,Posted,Self-improvement,.,Student loans
11/8/2023,Mugi Ramen and Poke,MUGI RAMEN AND POKE      WESTMINSTER  CO,Food & Dining,-16.17,Posted,Food - Nice,.,
11/9/2023,The Pasty Republic,SQ *THE PASTY REPUBLIC   Denver       CO,Fast Food,-23.74,Posted,Food - Nice,.,
11/9/2023,King Soopers,KING SOOPERS #0057       WHEAT RIDGE  CO,Groceries,-28.76,Posted,Groceries,.,
11/9/2023,Mobile Deposit,DEPOSIT@MOBILE,Income,1233,Posted,Rent,.,Security deposit refund
11/9/2023,Comcast,COMCAST          CABLE      ***********3283,Utilities,56.69,Posted,Internet,.,
11/10/2023,Spotify,PAYPAL           INST XFER  ***********USAI,Music,-11.9,Posted,Entertainment - Other,.,Spotify
11/12/2023,CVS,CVS/PHARMACY #10784      DENVER       CO,Pharmacy,-19.76,Posted,Housing - Other,.,
11/13/2023,USAA Property and Casualty Insurance,USAA P&C         AUTOPAY    ***********4530,Financial,-163.71,Posted,Car/Rental Insurance,.,
11/14/2023,Insperity,"ASF, DBA Insperi PAYROLL    ***********5626",Paycheck,708.17,Posted,Salary,.,Bonus?
11/16/2023,Membership,PAYPAL * MEMBERSHIP      402-935-7733 CA,Entertainment,-2,Posted,Entertainment - Other,.,
11/18/2023,Lucy's Burger Bar,TST* LUCY'S BURGER BAR   612-202-3545 CO,Food & Dining,-40.24,Posted,Food - Nice,.,
11/18/2023,Cosmos Pizza Federal,COSMOS PIZZA - FEDERAL   DENVER       CO,Food & Dining,-31.05,Posted,Food - Nice,.,
11/20/2023,King Soopers,KING SOOPERS #0657 FUEL QWHEAT RIDGE  CO,Gas,-29.13,Posted,Car - Other,.,
11/20/2023,King Soopers,KING SOOPERS #0057       WHEAT RIDGE  CO,Groceries,-46.3,Posted,Groceries,.,
11/20/2023,Grandmaster Games,GRANDMASTER GAMES        BOULDER      CO,Shopping,-70.46,Posted,Other - Other,.,Board games
11/20/2023,Great Clips,9480 GREAT CLIPS AT BROOMBROOMFIELD   CO,Hair,-30,Posted,Clothes/Personal care,.,
11/21/2023,Call Your Mother,TST* CALL YOUR MOTHER - TDenver       CO,Restaurants,-13.66,Posted,Food - Nice,.,
11/22/2023,Qdoba,QDOBA 2063               WESTMINSTER  CA,Fast Food,-12.67,Posted,Food - Nice,.,
11/22/2023,It's Brothers Bar Gril,IT'S BROTHERS BAR GRIL   DENVER       CO,Restaurants,-30.63,Posted,Dates,.,
11/22/2023,Boulderswing,BOULDERSWING             BOULDERSWINGDCO,Entertainment,-15,Posted,Self-improvement,.,Elective class
11/22/2023,Bar Louie,TST* BAR LOUIE - DENVER  DENVER       CO,Alcohol & Bars,-46.08,Posted,Dates,.,Sky
11/24/2023,Interest Paid,INTEREST PAID,Interest Income,0.07,Posted,Income - Other,.,
11/26/2023,Best Buy,PAYPAL *BESTBUY COM      402-935-7733 MN,Electronics & Software,-65.24,Posted,Housing - Other,.,Headset
11/27/2023,Weyco Shoes,PAYPAL *WEYCO SHOES      402-935-7733 WI,Clothing,-156.24,Posted,Clothes/Personal care,.,Florsheim
11/27/2023,Mad Greens,MAD GREENS MG0115        WESTMINSTER  CO,Restaurants,-13.32,Posted,Food - Nice,.,
11/27/2023,USAA Transfer,USAA FUNDS TRANSFER CR,Transfer,100,Posted,Other - Other,.,Jill Christmas gift
11/28/2023,King Soopers,KING SOOPERS #0057       WHEAT RIDGE  CO,Groceries,-81.49,Posted,Groceries,.,
11/29/2023,Google Store,PAYPAL *GOOGLE STORE     402-935-7733 CA,Shopping,-670.79,Posted,Housing - Other,.,Phone
11/29/2023,Insperity,"ASF, DBA Insperi PAYROLL    ***********5626",Paycheck,5579.1,Posted,Salary,.,
11/30/2023,Colorado Division of Motor Vehicles,CO MOTOR VEH SERV EMV    DENVER       CO,Auto & Transport,-144.58,Posted,Car - Other,.,
12/1/2023,Rj?s Tacowich,SQ *RJ?S TACOWICH        Denver       CO,Fast Food,-23.5,Posted,Food - Nice,.,First Friday with Sky
12/3/2023,USAA Credit Card,USAA CREDIT CARD PAYMENT SAN ANTONIO  TX,Transfer,1916.08,Posted,CC Payments,.,
12/3/2023,Recurring Reward Points Redemption,RECURRING REWARD POINTS REDEMPTION,Transfer,25,Posted,Income - Other,.,
12/4/2023,Cornerstoneapart Web,CORNERSTONEAPART WEB PMTS   ***********9Q9F,Uncategorized,-2035.3,Posted,Rent,.,
12/4/2023,Honda Financial,HONDA PMT        8004489307 ***********9256,Auto Payment,-320,Posted,Car - Note,.,
12/4/2023,Yardi,YARDI SERVICECHG WEB PMTS   ***********4P9F,Mortgage & Rent,-0.95,Posted,Rent,.,
12/4/2023,USAA Credit Card,USAA CREDIT CARD PAYMENT,Credit Card Payment,-1916.08,Posted,CC Payments,.,
12/4/2023,T-Mobile,TMOBILE*AUTO PAY         800-937-8997 WA,Mobile Phone,-35,Posted,Utilities,.,
12/5/2023,Advs Ed Serv Web Studntloan,ADVS ED SERV WEB STUDNTLOAN ***********5341,Student Loan,-2233,Posted,Self-improvement,.,Student loans
12/6/2023,Boulderswing,BOULDERSWING BOULDERSWINGD CO     CREDIT,Entertainment,15,Posted,Self-improvement,.,
12/7/2023,Nature Conservancy,Nature Conservancy       800-6286860  VA,Gifts & Donations,-30,Posted,Other - Other,.,
12/7/2023,CVS,CVS/PHARMACY #10784      DENVER       CO,Pharmacy,-35.17,Posted,Medical - Other,.,
12/10/2023,King Soopers,KING SOOPERS #0657 FUEL QWHEAT RIDGE  CO,Gas,-24.47,Posted,Car - Other,.,
12/10/2023,King Soopers,KING SOOPERS #0057       WHEAT RIDGE  CO,Groceries,-152.67,Posted,Groceries,.,
12/11/2023,Spotify,PAYPAL           INST XFER  ***********USAI,Music,-11.9,Posted,Entertainment - Other,.,
12/11/2023,Jinya,JINYA                    DENVER       CO,Restaurants,-45.07,Posted,Dates,.,Mercedes
12/11/2023,LAZ Parking,LAZ PARKING 760127       DENVER       CO,Parking,-8,Posted,Dates,.,Mercedes
12/12/2023,USAA Property and Casualty Insurance,USAA P&C         AUTOPAY    ***********4530,Financial,-163.71,Posted,Car/Rental Insurance,.,
12/15/2023,I Hop Ipa,SQ *I HOP IPA            BROOMFIELD   CO,Business Services,-10.65,Posted,Going Out,.,
12/15/2023,Out Thornton,IN-N-OUT THORNTON        THORNTON     CO,Fast Food,-8.01,Posted,Food - Nice,.,
12/15/2023,Steam,PAYPAL *STEAM GAMES      4259522985   WA,Entertainment,-21.65,Posted,Games,.,
12/16/2023,Patreon,PAYPAL *PATREON INC  MEMB402-935-7733 CA,Entertainment,-2,Posted,Entertainment - Other,.,
12/17/2023,Que Bueno Suerte,QUE BUENO SUERTE         DENVER       CO,Alcohol & Bars,-17.04,Posted,Dates,.,Hope
12/19/2023,Mugi Ramen and Poke,MUGI RAMEN AND POKE      WESTMINSTER  CO,Food & Dining,-16.17,Posted,Food - Nice,.,
12/19/2023,Swiss Flower & Gift,SWISS FLOWER & GIFT      WHEAT RIDGE  CO,Shopping,-113.4,Posted,Other - Other,.,Jill Christmas gift
12/19/2023,King Soopers,KING SOOPERS #0057       WHEAT RIDGE  CO,Groceries,-56.44,Posted,Groceries,.,
12/19/2023,LAZ Parking,PAYPAL *LAZ PARKING ECOMM402-935-7733 CT,Parking,-20.65,Posted,Dates,.,Hope
12/21/2023,Lucy's Burger Bar,TST* LUCY'S BURGER BAR   612-202-3545 CO,Food & Dining,-27.27,Posted,Food - Nice,.,
12/23/2023,Kindle,Kindle Svcs*GC7ZI6A63    888-802-3080 WA,Books,-14.06,Posted,Books,.,
12/23/2023,Kindle,Kindle Svcs*J57YI2MI3    888-802-3080 WA,Books,-10.81,Posted,Books,.,
12/23/2023,Lyft,PAYPAL *LYFT TEMP AUTH HO402-935-7733 CA,Rental Car & Taxi,-62.26,Posted,Big Fun,.,Christmas travel
12/24/2023,Recurring Reward Points Redemption,RECURRING REWARD POINTS REDEMPTION,Credit Card Payment,25,Posted,Income - Other,.,
12/26/2023,Interest Paid,INTEREST PAID,Interest Income,0.08,Posted,Income - Other,.,
12/26/2023,Birraporettis,BIRRAPORETTIS            713-2249494  TX,Restaurants,-115.01,Posted,Big Fun,.,Christmas dinner
12/27/2023,Hallmark,KARENS HALLMARK 15       HOUSTON      TX,Gift,-39.49,Posted,Other - Other,.,
12/28/2023,Insperity,"ASF, DBA Insperi PAYROLL    ***********5626",Paycheck,5579.1,Posted,Salary,.,
12/29/2023,Lyft,PAYPAL *LYFT TEMP AUTH HO402-935-7733 CA,Rental Car & Taxi,-14.83,Posted,Big Fun,.,Christmas travel
12/29/2023,East Dia,RTD EAST DIA             DENVER       CO,Travel,-10.5,Posted,Big Fun,.,Christmas travel
12/29/2023,The Grateful Gnome,THE GRATEFUL GNOME       973-8858125  CO,Alcohol & Bars,-12.9,Posted,Food - Nice,.,
1/2/2024,USAA Credit Card,USAA CREDIT CARD PAYMENT SAN ANTONIO  TX,Transfer,0,Posted,CC Payments,.,"Date-shifted to match withdrawal, non-zero amount on 2024 sheet"
1/2/2024,Cornerstoneapart Web,CORNERSTONEAPART WEB PMTS   ***********Q9HF,Uncategorized,-99.91,Posted,Rent,.,
1/2/2024,King Soopers,KING SOOPERS #0057       WHEAT RIDGE  CO,Groceries,-80.03,Posted,Groceries,.,
1/2/2024,USAA Credit Card,USAA CREDIT CARD PAYMENT,Credit Card Payment,-823.79,Posted,CC Payments,.,
1/2/2024,USAA Credit Card,USAA CREDIT CARD PAYMENT SAN ANTONIO  TX,Transfer,823.79,Posted,CC Payments,.,Date-shifted to match withdrawal
1/2/2024,Yardi,YARDI SERVICECHG WEB PMTS   ***********M9HF,Mortgage & Rent,-0.95,Posted,Rent,.,
1/3/2024,Honda Financial,HONDA PMT        8004489307 ***********LE9E,Auto Payment,-320,Posted,Car - note,.,
1/3/2024,Qdoba,QDOBA 2063               WESTMINSTER  CA,Fast Food,-13.35,Posted,Food - nice,.,
1/4/2024,Cornerstoneapart Web,CORNERSTONEAPART WEB PMTS   ***********1WJF,Uncategorized,-1945,Posted,Rent,.,
1/4/2024,T-Mobile,TMOBILE*AUTO PAY         800-937-8997 WA,Mobile Phone,-35,Posted,Utilities,.,
1/4/2024,Yardi,YARDI SERVICECHG WEB PMTS   ***********0WJF,Mortgage & Rent,-0.95,Posted,Rent,.,
1/5/2024,I Hop Ipa,SQ *I HOP IPA            BROOMFIELD   CO,Business Services,-10.65,Posted,Going out,.,
1/5/2024,Tokyo Joe's,TOKYO JOES 120TH 006     612-3607277  CO,Fast Food,-12.3,Posted,Food - nice,.,
1/5/2024,Walgreens,WALGREENS #6345          DENVER       CO,Pharmacy,-12.52,Posted,Medical - Other,.,
1/7/2024,Nature Conservancy,Nature Conservancy       800-6286860  VA,Gifts & Donations,-30,Posted,Other - other,.,
1/8/2024,King Soopers,KING SOOPERS #0057       WHEAT RIDGE  CO,Groceries,-30.08,Posted,Groceries,.,
1/9/2024,Post Oak Bbq,TST* POST OAK BBQ        DENVER       CO,Restaurants,-23.23,Posted,Food - nice,.,
1/10/2024,Spotify,PAYPAL           INST XFER  ***********USAI,Music,-11.9,Posted,Entertainment - other,.,
1/11/2024,Advs Ed Serv Studntloan,ADVS ED SERV PPD STUDNTLOAN ***********0000,Student Loan,-500,Posted,Self-improvement,.,Student loans
1/11/2024,Snarf's,SNARFS WESTMINSTER       DENVER       CO,Fast Food,-20.06,Posted,Food - nice,.,
1/11/2024,USAA Property and Casualty Insurance,USAA P&C         AUTOPAY    ***********4530,Financial,-163.71,Posted,Car/Rental Insurance,.,
1/12/2024,Mad Greens,MAD GREENS MG0115        WESTMINSTER  CO,Restaurants,-14.57,Posted,Food - nice,.,
1/13/2024,An Honda,AN HONDA 104             303-469-5551 CO,Auto & Transport,-107.48,Posted,Car - other,.,
1/16/2024,King Soopers,KING SOOPERS #0057       WHEAT RIDGE  CO,Groceries,-150.41,Posted,Groceries,.,
1/16/2024,Patreon,PAYPAL *PATREON INC  MEMB402-935-7733 CA,Entertainment,-2,Posted,Entertainment - other,.,
1/19/2024,Account Verification Deposit from Bill.com,Bill.com         ACCTVERIFY ***********MKUO,Transfer,0.01,Posted,Income - Other,.,
1/19/2024,Qdoba,QDOBA 2063               WESTMINSTER  CA,Fast Food,-14.53,Posted,Food - nice,.,
1/19/2024,Safeway Fuel,SAFEWAY FUEL0244         DENVER       CO,Gas,-26.05,Posted,Car - other,.,
1/19/2024,I Hop Ipa,SQ *I HOP IPA            BROOMFIELD   CO,Business Services,-10.65,Posted,Going out,.,
1/19/2024,Outlaw Wings,SQ *OUTLAW WINGS         Broomfield   CO,Restaurants,-21.24,Posted,Food - nice,.,
1/21/2024,Scott @ Tried & True,SQ *SCOTT @ TRIED & TRUE Denver       CO,Hair,-56.25,Posted,Clothes/Personal care,.,
1/21/2024,The Grateful Gnome,THE GRATEFUL GNOME       973-8858125  CO,Alcohol & Bars,-14.9,Posted,Food - nice,.,
1/22/2024,Bad Daddy's Burger Bar,BAD DADDY'S BURGER BAR   CENTENNIAL   CO,Food & Dining,-51.9,Posted,Dates,.,
1/24/2024,Mugi Ramen and Poke,MUGI RAMEN AND POKE      WESTMINSTER  CO,Food & Dining,-16.17,Posted,Food - nice,.,
1/26/2024,Interest Paid,INTEREST PAID,Interest Income,0.09,Posted,Income - Other,.,
1/29/2024,King Soopers,KING SOOPERS #0057       WHEAT RIDGE  CO,Groceries,-62.15,Posted,Groceries,.,
1/29/2024,The Pasty Republic,SQ *THE PASTY REPUBLIC   Denver       CO,Fast Food,-11.87,Posted,Food - nice,.,
1/30/2024,Insperity,"ASF, DBA Insperi PAYROLL    ***********5626",Paycheck,5616.04,Posted,Salary,.,
1/30/2024,Chick-fil-A,CHICK-FIL-A #01291       THORNTON     CO,Fast Food,-10.95,Posted,Food - nice,.,
1/31/2024,Qdoba,QDOBA 2063               WESTMINSTER  CA,Fast Food,-12.16,Posted,Food - nice,.,
2/2/2024,Cornerstoneapart Web,CORNERSTONEAPART WEB PMTS   ***********QHPF,Uncategorized,-110.33,Posted,Rent,.,
2/4/2024,T-Mobile,TMOBILE*AUTO PAY         800-937-8997 WA,Mobile Phone,-35,Posted,Utilities,.,
2/5/2024,Cornerstoneapart Web,CORNERSTONEAPART WEB PMTS   ***********F4QF,Uncategorized,-1945,Posted,Rent,.,
2/5/2024,King Soopers,KING SOOPERS #0057       WHEAT RIDGE  CO,Groceries,-99.24,Posted,Groceries,.,
2/5/2024,Snarf's,SNARFS WESTMINSTER       DENVER       CO,Fast Food,-3.56,Posted,Food - nice,.,
2/6/2024,CVS,CVS/PHARMACY #10784      DENVER       CO,Pharmacy,-13.59,Posted,Medical - Other,.,
2/7/2024,Nature Conservancy,Nature Conservancy       800-6286860  VA,Gifts & Donations,-30,Posted,Other - other,.,
2/7/2024,Rocket,ROCKET 6515              NORTHGLENN   CO,Gas,-26.51,Posted,Car - other,.,
2/8/2024,Afc Urgent Care Denver,AFC URGENT CARE DENVER H DENVER       CO,Doctor,-75,Posted,Medical - Other,.,
2/8/2024,King Soopers,KING SOOPERS #0057       WHEAT RIDGE  CO,Groceries,-31.83,Posted,Groceries,.,
2/12/2024,Advs Ed Serv Studntloan,ADVS ED SERV PPD STUDNTLOAN ***********0000,Student Loan,-500,Posted,Self-improvement,.,Student loans
2/12/2024,127311211,AUTOMATIC PAYMENT - THANK YOU,Uncategorized,579.91,Posted,CC Payments,.,
2/12/2024,King Soopers,KING SOOPERS #0057       WHEAT RIDGE  CO,Groceries,-82.31,Posted,Groceries,.,
2/12/2024,Spotify,PAYPAL           INST XFER  ***********USAI,Music,-11.9,Posted,Entertainment - other,.,
2/13/2024,Steam,PAYPAL *STEAM GAMES      4259522985   WA,Entertainment,-43.29,Posted,Games,.,
2/13/2024,USAA Credit Card,USAA CREDIT CARD PAYMENT    ***********0051,Credit Card Payment,-579.91,Posted,CC Payments,.,
2/13/2024,USAA Property and Casualty Insurance,USAA P&C         AUTOPAY    ***********4530,Financial,-163.7,Posted,Car/Rental Insurance,.,
2/14/2024,Insperity,"ASF, DBA Insperi PAYROLL    ***********5626",Paycheck,1169.82,Posted,Income - Other,.,Bonus
2/14/2024,USAA Credit Card,USAA CREDIT CARD PAYMENT,Credit Card Payment,-705.86,Posted,CC Payments,.,
2/14/2024,USAA Credit Card,USAA CREDIT CARD PAYMENT SAN ANTONIO  TX,Credit Card Payment,705.86,Posted,CC Payments,.,
2/15/2024,Ah Mychart Medepay,AH MYCHART MEDEPAY       855-2412455  FL,Doctor,-70,Posted,Medical - Other,.,
2/15/2024,King Soopers,KING SOOPERS #0057       WHEAT RIDGE  CO,Groceries,-14.43,Posted,Medical - Other,.,Perscription
2/15/2024,King Soopers,KING SOOPERS #0057       WHEAT RIDGE  CO,Groceries,-11.51,Posted,Groceries,.,
2/17/2024,Patreon,PAYPAL *PATREON INC  MEMB402-935-7733 CA,Entertainment,-2,Posted,Entertainment - other,.,
2/19/2024,Recurring Reward Points Redemption,RECURRING REWARD POINTS REDEMPTION,Credit Card Payment,25,Posted,Income - Other,.,
2/21/2024,King Soopers,KING SOOPERS #0057       WHEAT RIDGE  CO,Groceries,-63.92,Posted,Groceries,.,
2/23/2024,Los Dos Potrillos,TST* LOS DOS POTRILLOS - Northglenn   CO,Restaurants,-18.37,Posted,Food - nice,.,
2/26/2024,Interest Paid,INTEREST PAID,Interest Income,0.1,Posted,Income - Other,.,
2/26/2024,Qdoba,QDOBA 2063               WESTMINSTER  CA,Fast Food,-14.53,Posted,Food - nice,.,
2/28/2024,Insperity,"ASF, DBA Insperi PAYROLL    ***********5626",Paycheck,5616.04,Posted,Salary,.,
3/3/2024,Flower Child,FLOWER CHILD BOULDER     BOULDER      CO,Restaurants,-21.69,Posted,Food - nice,.,
3/3/2024,Gleam Car Wash,GLEAM CAR WASH           DENVER       CO,Service & Parts,-24.2,Posted,Car - other,.,
3/3/2024,King Soopers,KING SOOPERS #0057       WHEAT RIDGE  CO,Groceries,-143.41,Posted,Groceries,.,
3/4/2024,Cornerstoneapart Web,CORNERSTONEAPART WEB PMTS   ***********0WVF,Uncategorized,-1945,Posted,Rent,.,
3/4/2024,T-Mobile,TMOBILE*AUTO PAY         800-937-8997 WA,Mobile Phone,-35,Posted,Utilities,.,
3/6/2024,Conoco,CONOCO - SEI 25325       WESTMINSTER  CO,Gas,-26.36,Posted,Car - other,.,
3/6/2024,Jersey Mike's Subs,JERSEY MIKES 22003       WESTMINSTER  CO,Fast Food,-12.67,Posted,Food - nice,.,
3/7/2024,Cornerstoneapart Web Lyf,CORNERSTONEAPART WEB PMTS   ***********1LYF,Uncategorized,-229.83,Posted,Rent,.,
3/7/2024,Cosmos Pizza Federal,COSMOS PIZZA - FEDERAL   DENVER       CO,Food & Dining,-32.14,Posted,Food - nice,.,
3/7/2024,Nature Conservancy,Nature Conservancy       800-6286860  VA,Gifts & Donations,-30,Posted,Other - other,.,
3/10/2024,King Soopers,KING SOOPERS #0057       WHEAT RIDGE  CO,Groceries,-87.45,Posted,Groceries,.,
3/10/2024,The Grateful Gnome,THE GRATEFUL GNOME       973-8858125  CO,Alcohol & Bars,-15.7,Posted,Food - nice,.,
3/11/2024,Advs Ed Serv Studntloan,ADVS ED SERV PPD STUDNTLOAN ***********0000,Student Loan,-500,Posted,Self-improvement,.,Student loans
3/11/2024,Spotify,PAYPAL           INST XFER  ***********USAI,Music,-11.9,Posted,Entertainment - other,.,
3/11/2024,Tokyo Teriyaki,TOKYO TERIYAKI           NORTHGLENN   CO,Restaurants,-19.58,Posted,Food - nice,.,
3/12/2024,Credit Card Payment,AUTOMATIC PAYMENT - THANK YOU,Credit Card Payment,114.23,Posted,CC Payments,.,
3/12/2024,USAA Property and Casualty Insurance,USAA P&C         AUTOPAY    ***********4530,Financial,-190.19,Posted,Car/Rental Insurance,.,
3/13/2024,Steam,PAYPAL *STEAM GAMES      4259522985   WA,Entertainment,-12.98,Posted,Games,.,
3/13/2024,USAA Credit Card,USAA CREDIT CARD PAYMENT    ***********0051,Credit Card Payment,-114.23,Posted,CC Payments,.,
3/14/2024,Ah Mychart Medepay,AH MYCHART MEDEPAY       855-2412455  FL,Doctor,-70,Posted,Medical - Other,.,
3/14/2024,Steam,PAYPAL *STEAM GAMES      4259522985   WA,Entertainment,-20.29,Posted,Games,.,
3/16/2024,Patreon,PAYPAL *PATREON INC  MEMB402-935-7733 CA,Entertainment,-2,Posted,Entertainment - other,.,
3/22/2024,I Hop Ipa,SQ *I HOP IPA            BROOMFIELD   CO,Business Services,-11.65,Posted,Going out,.,
3/26/2024,Interest Paid,INTEREST PAID,Interest Income,0.12,Posted,Income - Other,.,
3/26/2024,King Soopers,KING SOOPERS #0057       WHEAT RIDGE  CO,Groceries,-26.47,Posted,Groceries,.,
3/26/2024,Steam,PAYPAL *STEAM GAMES      4259522985   WA,Entertainment,-14.6,Posted,Games,.,
3/26/2024,Qdoba,QDOBA 2063               WESTMINSTER  CA,Fast Food,-12.16,Posted,Food - nice,.,
3/28/2024,Insperity,"ASF, DBA Insperi PAYROLL    ***********5626",Paycheck,5616.04,Posted,Salary,.,
4/2/2024,Cornerstoneapart Web,CORNERSTONEAPART WEB PMTS   ***********TJ1G,Uncategorized,-2060.04,Posted,Rent,.,
4/2/2024,The Pasty Republic Denver,SQ *THE PASTY REPUBLIC   Denver       CO,Fast Food,-11.87,Posted,Food - nice,.,
4/4/2024,T-Mobile,TMOBILE*AUTO PAY         800-937-8997 WA,Mobile Phone,-35,Posted,Utilities,.,
4/5/2024,Sweetgreen,SWEETGREEN TENNYSON      DENVER       CO,Restaurants,-16.57,Posted,Food - nice,.,
4/6/2024,Archery Games Denver,ARCHERY GAMES DENVER     303-3054531  CO,Sporting Goods,-31.2,Posted,Going out,.,
4/6/2024,CVS,CVS/PHARMACY #10784      DENVER       CO,Pharmacy,-24.01,Posted,Medical - Other,.,
4/6/2024,Bakery Four,TST* BAKERY FOUR         DENVER       CO,Food & Dining,-10.87,Posted,Food - nice,.,
4/7/2024,Great Clips,0415 GREAT CLIPS AT 44TH DENVER       CO,Hair,-34,Posted,Clothes/Personal care,.,
4/7/2024,Nature Conservancy,Nature Conservancy       800-6286860  VA,Gifts & Donations,-30,Posted,Other - other,.,
4/7/2024,Safeway,SAFEWAY #0244            DENVER       CO,Groceries,-155.44,Posted,Groceries,.,
4/7/2024,Post Oak Bbq,TST* POST OAK BBQ        DENVER       CO,Restaurants,-14.67,Posted,Food - nice,.,
4/8/2024,Amazon Prime Membership,AMAZON PRIME*EP9AT3V53   888-802-3080 WA,Shopping,-10.81,Posted,Other - other,.,KEEP AN EYE ON. Don't think I did this
4/8/2024,Fidelity,FID BKG SVC LLC  MONEYLINE  ***********VNNL,Investments,-6500,Posted,401k,.,Transfer to 401k
4/10/2024,Spotify,PAYPAL           INST XFER  ***********USAI,Music,-11.9,Posted,Entertainment - other,.,
4/11/2024,Advs Ed Serv Studntloan,ADVS ED SERV PPD STUDNTLOAN ***********0000,Student Loan,-500,Posted,Self-improvement,.,Student loans
4/11/2024,USAA Property and Casualty Insurance,USAA P&C         AUTOPAY    ***********4530,Financial,-189.69,Posted,Car/Rental Insurance,.,
4/12/2024,Credit Card Payment,AUTOMATIC PAYMENT - THANK YOU,Credit Card Payment,652.29,Posted,CC Payments,.,
4/12/2024,CVS,CVS/PHARMACY #10784      DENVER       CO,Pharmacy,-37.83,Posted,Medical - Other,.,
4/13/2024,CVS,CVS/PHARMACY #10784      DENVER       CO,Pharmacy,-47.31,Posted,Medical - Other,.,
4/13/2024,Steam,PAYPAL *STEAM GAMES      4259522985   WA,Entertainment,-18.18,Posted,Games,.,
4/15/2024,State of Colorado,CO DEPT REVENUE  COSTTAXRFD ***********7107,State Tax,1349,Posted,Income - Other,.,
4/15/2024,USAA Credit Card,USAA CREDIT CARD PAYMENT    ***********0051,Credit Card Payment,-652.29,Posted,CC Payments,.,
4/16/2024,Patreon,PAYPAL *PATREON INC  MEMB402-935-7733 CA,Entertainment,-2,Posted,Entertainment - other,.,
4/18/2024,Cosmos Pizza Federal,COSMOS PIZZA - FEDERAL   DENVER       CO,Food & Dining,-34.14,Posted,Food - nice,.,
4/18/2024,Federal Tax Refund,IRS  TREAS 310     TAX REF  ***********0918,Federal Tax,3934,Posted,Income - Other,.,
4/18/2024,King Soopers,KING SOOPERS #0057       WHEAT RIDGE  CO,Groceries,-139.77,Posted,Groceries,.,
4/18/2024,King Soopers,KING SOOPERS #0657 FUEL QWHEAT RIDGE  CO,Gas,-32.19,Posted,Car - other,.,
4/22/2024,Pho Fusion Asian,PHO FUSION ASIAN         DENVER       CO,Food & Dining,-27.17,Posted,Food - nice,.,
4/23/2024,Snarf's,SNARFS WESTMINSTER       DENVER       CO,Fast Food,-20.06,Posted,Food - nice,.,
4/25/2024,Babajoon's Kabobs & More,BABAJOON`S KABOBS & MORE WESTMINSTER  CO,Restaurants,-26.79,Posted,Food - nice,.,
4/26/2024,Interest Paid,INTEREST PAID,Interest Income,0.13,Posted,Income - Other,.,
4/27/2024,King Soopers,KING SOOPERS #0057       WHEAT RIDGE  CO,Groceries,-73.26,Posted,Groceries,.,
4/29/2024,Insperity,"ASF, DBA Insperi PAYROLL    ***********5626",Paycheck,5616.04,Posted,Salary,.,
4/29/2024,Xcel Energy,XCEL ENERGY-PSCO XCELENERGY ***********6821,Utilities,-33.89,Posted,Utilities,.,
5/2/2024,Cornerstoneapart Web,CORNERSTONEAPART WEB PMTS   ***********X97G,Uncategorized,-2052.25,Posted,Rent,.,
5/2/2024,Steam,PAYPAL *STEAM GAMES      4259522985   WA,Entertainment,-32.46,Posted,Games,.,Palworld
5/3/2024,Mad Greens,MAD GREENS MG0115        WESTMINSTER  CO,Restaurants,-16.85,Posted,Food - nice,.,
5/4/2024,Snarf's,SNARFS AT HIGHLANDS      DENVER       CO,Fast Food,-14.41,Posted,Food - nice,.,
5/4/2024,T-Mobile,TMOBILE*AUTO PAY         800-937-8997 WA,Mobile Phone,-35,Posted,Utilities,.,
5/6/2024,Proto's Pizza Broomfie,PROTO`S PIZZA - BROOMFIE BROOMFIELD   CO,Food & Dining,-14.27,Posted,Food - nice,.,
5/7/2024,Nature Conservancy,Nature Conservancy       800-6286860  VA,Gifts & Donations,-30,Posted,Other - other,.,
5/8/2024,Qdoba,QDOBA 2063               WESTMINSTER  CA,Fast Food,-15.14,Posted,Food - nice,.,
5/10/2024,Mugi Ramen and Poke,MUGI RAMEN AND POKE      WESTMINSTER  CO,Food & Dining,-16.17,Posted,Food - nice,.,
5/10/2024,Spotify,PAYPAL           INST XFER  ***********USAI,Music,-11.9,Posted,Entertainment - other,.,
5/11/2024,King Soopers,KING SOOPERS #0057       WHEAT RIDGE  CO,Groceries,-87.15,Posted,Groceries,.,
5/12/2024,Credit Card Payment,AUTOMATIC PAYMENT - THANK YOU,Credit Card Payment,519.64,Posted,CC Payments,.,
5/12/2024,Recurring Reward Points Redemption,RECURRING REWARD POINTS REDEMPTION,Credit Card Payment,25,Posted,Income - Other,.,
5/13/2024,Advs Ed Serv Studntloan,ADVS ED SERV PPD STUDNTLOAN ***********0000,Student Loan,-500,Posted,Self-improvement,.,Student loans
5/13/2024,USAA Credit Card,USAA CREDIT CARD PAYMENT    ***********0051,Credit Card Payment,-519.64,Posted,CC Payments,.,
5/13/2024,USAA Property and Casualty Insurance,USAA P&C         AUTOPAY    ***********4530,Financial,-189.69,Posted,Car/Rental Insurance,.,
5/14/2024,Insperity,"ASF, DBA Insperi PAYROLL    ***********5626",Paycheck,1240.03,Posted,Income - Other,.,Bonus
5/16/2024,Patreon,PAYPAL *PATREON INC  MEMB402-935-7733 CA,Entertainment,-2,Posted,Entertainment - other,.,
5/19/2024,Riot Games,PAYPAL *RIOTGAMESIN      5555555555   CA,Entertainment,-11.96,Posted,Entertainment - other,.,RP
5/20/2024,Mad Greens,MAD GREENS MG0115        WESTMINSTER  CO,Restaurants,-12.61,Posted,Food - nice,.,
5/21/2024,King Soopers,KING SOOPERS #0657 FUEL QWHEAT RIDGE  CO,Gas,-33.37,Posted,Car - other,.,
5/22/2024,Bender's Bar,TST* BENDER'S BAR & GRILLWESTMINSTER  CO,Restaurants,-11.59,Posted,Going out,.,
5/24/2024,Interest Paid,INTEREST PAID,Interest Income,0.15,Posted,Income - Other,.,
5/26/2024,Amazon Prime Membership,AMAZON PRIME*XG7PQ6VR3   888-802-3080 WA,Shopping,-7.57,Posted,Books,.,Percy Jackson
5/26/2024,USAA Credit Card,USAA CREDIT CARD PAYMENT SAN ANTONIO  TX,Credit Card Payment,616.83,Posted,CC Payments,.,
5/27/2024,Amazon Prime Membership,AMAZON PRIME PMTS        888-802- CREDIT,Shopping,7.57,Posted,Books,.,Percy Jackson return
5/28/2024,Mad Greens,MAD GREENS MG0115        WESTMINSTER  CO,Restaurants,-16.12,Posted,Food - nice,.,
5/28/2024,USAA Credit Card,USAA CREDIT CARD PAYMENT,Credit Card Payment,-616.83,Posted,CC Payments,.,
5/28/2024,Xcel Energy,XCEL ENERGY-PSCO XCELENERGY ***********6821,Utilities,-24.99,Posted,Utilities,.,
5/29/2024,Advs Ed Serv Web Studntloan,ADVS ED SERV WEB STUDNTLOAN ***********VD01,Student Loan,-3000,Posted,Self-improvement,.,Student loans
5/29/2024,Cosmos Pizza Federal,COSMOS PIZZA - FEDERAL   DENVER       CO,Food & Dining,-34.14,Posted,Food - nice,.,
5/30/2024,Insperity,"ASF, DBA Insperi PAYROLL    ***********5626",Paycheck,6010.65,Posted,Salary,.,
5/30/2024,Tokyo Teriyaki,TOKYO TERIYAKI           NORTHGLENN   CO,Restaurants,-20.04,Posted,Food - nice,.,
6/3/2024,Cornerstoneapart Web,CORNERSTONEAPART WEB PMTS   ***********DFFG,Uncategorized,-1426.33,Posted,Rent,.,
6/3/2024,Panda Express,PANDA EXPRESS #711       THORNTON     CO,Fast Food,-10.85,Posted,Food - nice,.,
6/4/2024,T-Mobile,TMOBILE*AUTO PAY         800-937-8997 WA,Mobile Phone,-35,Posted,Utilities,.,
6/5/2024,Snarf's,SNARFS WESTMINSTER       DENVER       CO,Fast Food,-16.55,Posted,Food - nice,.,
6/5/2024,We Knead Donut,WE KNEAD DONUT           WESTMINSTER  CO,Fast Food,-6.52,Posted,Food - nice,.,
6/6/2024,Babajoon's Kabobs & More,BABAJOON`S KABOBS & MORE WESTMINSTER  CO,Restaurants,-24.53,Posted,Food - nice,.,
6/7/2024,King Soopers,KING SOOPERS #0057       WHEAT RIDGE  CO,Groceries,-129.32,Posted,Groceries,.,
6/7/2024,Nature Conservancy,Nature Conservancy       800-6286860  VA,Gifts & Donations,-30,Posted,Other - other,.,
6/9/2024,Den Public Parking,DEN PUBLIC PARKING       DENVER       CO,Parking,-14,Posted,Big Fun,.,Lunch with Jennifer
6/10/2024,Cornerstoneapart Web,CORNERSTONEAPART WEB PMTS   ***********B4JG,Uncategorized,-100.3,Posted,Rent,.,
6/10/2024,Spotify,PAYPAL           INST XFER  ***********USAI,Music,-11.9,Posted,Entertainment - other,.,
6/10/2024,Rocket Pack and Ship,ROCKET PACK AND SHIP     DENVER       CO,Office Supplies,-16.32,Posted,Housing - Other,.,
6/11/2024,Advs Ed Serv Studntloan,ADVS ED SERV PPD STUDNTLOAN ***********0000,Student Loan,-500,Posted,Self-improvement,.,Student loans
6/11/2024,Online Payment Web,Online Payment   WEB PMTS   ***********W8JG,Transfer,-290,Posted,Unexpected Fund,.,Application fee and such
6/11/2024,Target,TARGET        00013722   THORNTON     CO,Shopping,-22.43,Posted,Housing - Other,.,
6/11/2024,USAA Property and Casualty Insurance,USAA P&C         AUTOPAY    ***********4530,Financial,-189.69,Posted,Car/Rental Insurance,.,
6/12/2024,Safeway Fuel,SAFEWAY FUEL0244         DENVER       CO,Gas,-32.94,Posted,Car - other,.,
6/12/2024,Tokyo Teriyaki,TOKYO TERIYAKI           NORTHGLENN   CO,Restaurants,-16.04,Posted,Food - nice,.,
6/12/2024,Tour Puzzle Effect,TOUR* PUZZLE EFFECT -    141-54049652 TX,Entertainment,-74.02,Posted,Big Fun,.,Escape room with Hank
6/13/2024,Frontier Airlines,FRONTIER AI UE96RZ       DENVER       CO,Air Travel,-304.96,Posted,,E,Conference travel
6/14/2024,Transfer to Venmo,VENMO            PAYMENT    ***********4716,Transfer,-26,Posted,Big Fun,.,Dinner with Hank
6/15/2024,Great Clips,482 GREAT CLIPS AT FEDERAWESTMINSTER  CO,Hair,-32,Posted,Clothes/Personal care,.,
6/15/2024,Parking Pass Epermit Parkfl,PARKING PASS EPERMIT     HTTPSWWW.PARKFL,Parking,-10.95,Posted,Car - Parking Pass,.,
6/15/2024,Walmart,WAL-MART #4747           NORTHGLENN   CO,Shopping,-86.2,Posted,Housing - Other,.,
6/16/2024,Amenify Cca,AMENIFY                  WWW.AMENIFY.CCA,Business Services,-195.5,Posted,Unexpected Fund,.,Move-out cleaning
6/16/2024,Amenify Cca,AMENIFY                  WWW.AMENIFY.CCA,Business Services,-49,Posted,Unexpected Fund,.,Move-out cleaning
6/16/2024,Patreon,PAYPAL *PATREON INC  MEMB402-935-7733 CA,Entertainment,-2,Posted,Entertainment - other,.,
6/17/2024,Walmart,WAL-MART #4747           NORTHGLENN   CO,Shopping,-1685.26,Posted,Unexpected Fund,.,Security deposit
6/18/2024,Cosmos Pizza Federal,COSMOS PIZZA - FEDERAL   DENVER       CO,Food & Dining,-34.14,Posted,Food - nice,.,
6/18/2024,U-Haul,U-HAUL OF ARVADA         ARVADA       CO,Home,-65.69,Posted,Unexpected Fund,.,Moving boxes
6/19/2024,Target,TARGET        00013722   THORNTON     CO,Shopping,-43.38,Posted,Housing - Other,.,
6/19/2024,Tokyo Teriyaki,TOKYO TERIYAKI           NORTHGLENN   CO,Restaurants,-4,Posted,Food - nice,.,
6/19/2024,Walgreens,WALGREENS #6345          DENVER       CO,Pharmacy,-17.52,Posted,Medical - Other,.,
6/20/2024,Cava Bradburn,10109 CAVA BRADBURN      WESTMINSTER  CO,Restaurants,-12.65,Posted,Food - nice,.,
6/20/2024,Dolly Inc,DOLLY INC.               646-612-7694 WA,Shipping,-399,Posted,Unexpected Fund,.,Movers
6/20/2024,Mad Greens,MAD GREENS MG0115        WESTMINSTER  CO,Restaurants,-24.43,Posted,Food - nice,.,
6/20/2024,Quantum Fiber,QUANTUM FIBER    QUANTUM FI ***********2715,Uncategorized,-49,Posted,Internet,.,
6/20/2024,The Grateful Gnome,THE GRATEFUL GNOME       973-8858125  CO,Alcohol & Bars,-15.7,Posted,Food - nice,.,
6/20/2024,We Knead Donut,WE KNEAD DONUT           WESTMINSTER  CO,Fast Food,-10.35,Posted,Food - nice,.,
6/23/2024,Qdoba,QDOBA 2063               WESTMINSTER  CA,Fast Food,-14.71,Posted,Food - nice,.,
6/23/2024,Safeway,SAFEWAY #0881            NORTHGLENN   CO,Groceries,-24.05,Posted,Groceries,.,
6/23/2024,Taziki's Denver,SQ *TAZIKI'S DENVER      Westminster  CO,Restaurants,-12.98,Posted,Food - nice,.,
6/24/2024,Amazon Prime Membership,AMAZON PRIME*RC1TQ5AE0   888-802-3080 WA,Shopping,-16.23,Posted,Books,.,Will of the Many
6/24/2024,Den Snarf's Sandwiches,DEN SNARF'S SANDWICHES   DENVER       CO,Fast Food,-16.7,Posted,Food - nice,.,
6/24/2024,Hudson News,HUDSONNEWS  ST1101       DENVER       CO,Newspapers & Magazines,-17.61,Posted,,E,Travel mask
6/24/2024,Recurring Reward Points Redemption,RECURRING REWARD POINTS REDEMPTION,Credit Card Payment,25,Posted,Income - Other,.,
6/24/2024,Sonesta Select Raleigh,SONESTA SELECT RALEIGH   MORRISVILLE  NC,Hotel,-15,Posted,,E,Conference food
6/24/2024,Sonesta Select Raleigh,SONESTA SELECT RALEIGH   MORRISVILLE  NC,Hotel,-387.33,Posted,,E,Conference hotel
6/24/2024,Jamba,TST* JAMBA JUICE - 1359 -NORTHGLENN   CO,Fast Food,-9.51,Posted,Food - nice,.,
6/24/2024,Walgreens,WALGREENS #5644          NORTHGLENN   CO,Pharmacy,-18.44,Posted,Medical - Other,.,
6/26/2024,Interest Paid,INTEREST PAID,Interest Income,0.17,Posted,Income - Other,.,
6/26/2024,Lyft,PAYPAL *LYFT TEMP AUTH HO402-935-7733 CA,Rental Car & Taxi,-14.8,Posted,,E,Conference Lyft
6/26/2024,Sonesta Select Raleigh,SONESTA SELECT RALEIGH   MORRISVILLE  NC,Hotel,-11,Posted,,E,Conference food
6/27/2024,Insperity,"ASF, DBA Insperi PAYROLL    ***********5626",Paycheck,6010.65,Posted,Salary,.,
6/27/2024,Den Public Parking,DEN PUBLIC PARKING       DENVER       CO,Parking,-24,Posted,,E,Conference parking
6/27/2024,Mugi Ramen and Poke,MUGI RAMEN AND POKE      WESTMINSTER  CO,Food & Dining,-16.17,Posted,Food - nice,.,
6/27/2024,Jason's Deli,RDU JASONS DELI 6201117  MORRISVILLE  NC,Fast Food,-14.06,Posted,Food - nice,.,
6/27/2024,Sonesta Select Raleigh,SONESTA SELECT RALEIGH   MORRISVILLE  NC,Hotel,-387.33,Posted,,E,Conference hotel
6/28/2024,Outlaw Wings,SQ *OUTLAW WINGS         Broomfield   CO,Restaurants,-10.75,Posted,Going out,.,
6/30/2024,Sonesta Select Raleigh,SONESTA SELECT RALEIGH   919-4679 CREDIT,Hotel,387.33,Posted,,E,Conference hotel
7/2/2024,Steam,PAYPAL *STEAM GAMES      4259522985   WA,Entertainment,-7.57,Posted,Games,.,Landnama
7/2/2024,Target,TARGET        00013722   THORNTON     CO,Shopping,-91.13,Posted,Housing - Other,.,
7/2/2024,Uncle Henry Asian Food,UNCLE HENRY ASIAN FOOD   DENVER       CO,Food & Dining,-18.2,Posted,Food - nice,.,
7/3/2024,Cornerstoneapart Web,CORNERSTONEAPART WEB PMTS   ***********3RMG,Uncategorized,-95.39,Posted,Rent,.,
7/3/2024,Online Payment Web,Online Payment   WEB PMTS   ***********MXMG,Transfer,-1792.99,Posted,Rent,.,
7/3/2024,Tokyo Teriyaki,TOKYO TERIYAKI           NORTHGLENN   CO,Restaurants,-20.67,Posted,Food - nice,.,
7/4/2024,T-Mobile,TMOBILE*AUTO PAY         800-937-8997 WA,Mobile Phone,-35,Posted,Utilities,.,
7/5/2024,Panda Express,PANDA EXPRESS #711       THORNTON     CO,Fast Food,-10.85,Posted,Food - nice,.,
7/5/2024,Target,TARGET        00013722   THORNTON     CO,Shopping,-142.66,Posted,Housing - Other,.,
7/7/2024,Nature Conservancy,Nature Conservancy       800-6286860  VA,Gifts & Donations,-30,Posted,Other - other,.,
7/8/2024,Sonic,SONIC DRIVE IN #3657     NORTHGLENN   CO,Fast Food,-12.28,Posted,Food - nice,.,
7/8/2024,Transfer to Venmo,VENMO            PAYMENT    ***********7412,Transfer,-11.21,Posted,Going out,.,After DnD dinner
7/9/2024,Conoco,CONOCO - SEI 25325       WESTMINSTER  CO,Gas,-38.39,Posted,Car - other,.,
7/9/2024,Snarf's,SNARFS WESTMINSTER       DENVER       CO,Fast Food,-20.98,Posted,Food - nice,.,
7/10/2024,Spotify,PAYPAL           INST XFER  ***********USAI,Music,-12.98,Posted,Entertainment - other,.,
7/10/2024,Bender's Bar,TST* BENDER'S BAR & GRILLWESTMINSTER  CO,Restaurants,-18.41,Posted,Going out,.,
7/11/2024,Advs Ed Serv Studntloan,ADVS ED SERV PPD STUDNTLOAN ***********0000,Student Loan,-500,Posted,Self-improvement,.,Student loans
7/11/2024,American Astronautical So,AMERICAN ASTRONAUTICAL SO866-4350666  VA,Gifts & Donations,-865,Posted,,E,AAS conference
7/11/2024,Park Center Lounge,TST* PARK CENTER LOUNGE  303-452-8057 CO,Restaurants,-22.95,Posted,Going out,.,Intern karaoke
7/11/2024,USAA Property and Casualty Insurance,USAA P&C         AUTOPAY    ***********4530,Financial,-189.69,Posted,Car/Rental Insurance,.,
7/11/2024,We Knead Donut,WE KNEAD DONUT           WESTMINSTER  CO,Fast Food,-5.66,Posted,Food - nice,.,
7/11/2024,Xcel Energy,XCEL ENERGY-PSCO XCELENERGY ***********6821,Utilities,-44.95,Posted,Utilities,.,
7/12/2024,Credit Card Payment,AUTOMATIC PAYMENT - THANK YOU,Credit Card Payment,836.63,Posted,CC Payments,.,
7/12/2024,Target,TARGET        00013722   THORNTON     CO,Shopping,-94.36,Posted,Housing - Other,.,
7/13/2024,Mad Greens,MAD GREENS MG0115        WESTMINSTER  CO,Restaurants,-15.54,Posted,Food - nice,.,
7/14/2024,King Soopers,KING SOOPERS #0062       WESTMINSTER  CO,Groceries,-99.01,Posted,Groceries,.,
7/14/2024,USAA Credit Card,USAA CREDIT CARD PAYMENT SAN ANTONIO  TX,Credit Card Payment,2977.28,Posted,CC Payments,.,
7/14/2024,US Postal Service,USPS CHANGE OF ADDRESS   800-238-3150 TN,Shipping,-1.1,Posted,Other - other,.,
7/15/2024,Fidelity,FID BKG SVC LLC  MONEYLINE  ***********GU0T,Investments,-210.33,Posted,401k,.,Transfer to 401k
7/15/2024,Mad Greens,MAD GREENS MG0115        WESTMINSTER  CO,Restaurants,-16.85,Posted,Food - nice,.,
7/15/2024,Parking Pass Epermit Parkfl,PARKING PASS EPERMIT     HTTPSWWW.PARKFL,Parking,-10.61,Posted,Car - Parking Pass,.,
7/15/2024,Recurring Reward Points Redemption,RECURRING REWARD POINTS REDEMPTION,Credit Card Payment,25,Posted,Income - Other,.,
7/15/2024,USAA Credit Card,USAA CREDIT CARD PAYMENT,Credit Card Payment,-2977.28,Posted,CC Payments,.,
7/15/2024,USAA Credit Card,USAA CREDIT CARD PAYMENT    ***********0051,Credit Card Payment,-836.63,Posted,CC Payments,.,
7/16/2024,Patreon,PAYPAL *PATREON INC  MEMB402-935-7733 CA,Entertainment,-2,Posted,Entertainment - other,.,
7/19/2024,Quantum Fiber,QUANTUM FIBER    QUANTUM FI ***********7514,Internet,-49,Posted,Internet,.,
7/19/2024,Tokyo Teriyaki,TOKYO TERIYAKI           NORTHGLENN   CO,Restaurants,-20.67,Posted,Food - nice,.,
7/20/2024,Sugarfire,TST* SUGARFIRE SMOKEHOUSEWESTMINSTER  CO,Restaurants,-34.66,Posted,Food - nice,.,
7/22/2024,Xcel Energy,XCEL ENERGY-PSCO XCELENERGY ***********6821,Utilities,-18.16,Posted,Utilities,.,
7/23/2024,We Knead Donut,WE KNEAD DONUT           WESTMINSTER  CO,Fast Food,-6.28,Posted,Food - nice,.,
7/24/2024,Bender's Bar,TST* BENDER'S BAR & GRILLWESTMINSTER  CO,Restaurants,-25.92,Posted,Going out,.,
7/26/2024,Interest Paid,INTEREST PAID,Interest Income,0.16,Posted,Income - Other,.,
7/29/2024,King Soopers,KING SOOPERS #0062       WESTMINSTER  CO,Groceries,-89.91,Posted,Groceries,.,
7/29/2024,Qdoba,QDOBA 2063               WESTMINSTER  CA,Fast Food,-12.92,Posted,Food - nice,.,
7/30/2024,Insperity,"ASF, DBA Insperi PAYROLL    ***********5626",Paycheck,6010.65,Posted,Salary,.,
7/31/2024,Bender's Bar,TST* BENDER'S BAR & GRILLWESTMINSTER  CO,Restaurants,-22.21,Posted,Going out,.,
